"text","priority"
"Please describe the standard return process for future reference We would appreciate clear guidance on the next step.","low"
"Could you advise us on this situation? The wrong workspace was billed and we would like that transaction reversed","normal"
"Our expansion begins in two days and we still need confirmation that the plan supports it","high"
"Could you advise us on this situation? The promised reimbursement is required today to prevent an essential supplier payment from failing","urgent"
"I am writing on behalf of our organization. we want to close an unused workspace while keeping our main account active","normal"
"A major annual purchase was made accidentally and finance needs the reversal prioritized","high"
"I am writing on behalf of our organization. we need an approved reimbursement completed quickly because the amount is affecting cash flow","high"
"An unknown party is making repeated card payments from our account right now","urgent"
"The contract deadline is tomorrow and we need confirmation that notice was accepted We would appreciate clear guidance on the next step.","high"
"I am writing on behalf of our organization. please guide me through downgrading the account after this month","normal"
"I bought an add-on by mistake yesterday and would like the payment returned","normal"
"One optional notification arrives later than expected and is not affecting our work We would appreciate clear guidance on the next step.","low"
"Could you advise us on this situation? Multiple large charges are continuing to post after the service confirmed they were stopped","urgent"
"I am writing on behalf of our organization. please send product literature when convenient so we can keep it on file","low"
"I would like to arrange a product demonstration for our department We would appreciate clear guidance on the next step.","normal"
"We are closing a division this week and need its workspace terminated before access transfers","high"
"Our small company is choosing a plan and needs the usual pricing details We would appreciate clear guidance on the next step.","normal"
"I am writing on behalf of our organization. the checkout failure is blocking an emergency account expansion needed for today's operations","urgent"
"I am comparing vendors informally and would like to understand the usual contract lengths We would appreciate clear guidance on the next step.","low"
"I am writing on behalf of our organization. an unauthorized purchase consumed the card limit needed for emergency travel today and must be reversed","urgent"
"We need to add fifty users before Monday's client launch and require purchasing help","high"
"Please help correct a permission problem affecting one project member We would appreciate clear guidance on the next step.","normal"
"Our busiest team is blocked from uploading files and the workaround is too slow to sustain","high"
"Our legal deadline expires this afternoon and we need immediate confirmation that the contract has been terminated We would appreciate clear guidance on the next step.","urgent"
"Could you explain the prorated amount after we added two seats We would appreciate clear guidance on the next step.","normal"
"Could you advise us on this situation? We are researching subscription options for a project that may start next year","low"
"Could you advise us on this situation? I am following up on a reimbursement that was approved last week","normal"
"The billing contact must be changed before a confidential invoice is issued tomorrow We would appreciate clear guidance on the next step.","high"
"I am writing on behalf of our organization. please describe how a voluntary downgrade would work when there is no deadline","low"
"An unknown party is making repeated card payments from our account right now We would appreciate clear guidance on the next step.","urgent"
"Our live ordering system stopped synchronizing and sales at every location are currently halted","urgent"
"I am writing on behalf of our organization. i am reading the refund policy before making any purchase","low"
"We may request money back for an optional workshop later, but no payment has been made We would appreciate clear guidance on the next step.","low"
"Could you advise us on this situation? We may request money back for an optional workshop later, but no payment has been made","low"
"Could you advise us on this situation? Please clarify whether old exported reports remain available after ninety days","low"
"Can someone explain which subscription includes the reporting features we need","normal"
"Reports needed for tomorrow's executive meeting are failing for every analyst","high"
"I am reading the refund policy before making any purchase We would appreciate clear guidance on the next step.","low"
"I am writing on behalf of our organization. one optional notification arrives later than expected and is not affecting our work","low"
"Could you advise us on this situation? Our accountant is documenting accepted payment methods for next year's procedures","low"
"Could you advise us on this situation? A profile picture is slightly cropped, but the account remains fully usable","low"
"Please guide me through downgrading the account after this month We would appreciate clear guidance on the next step.","normal"
"Could you advise us on this situation? The invoice total is substantially wrong and must be corrected before today's approval cutoff","high"
"Multiple large charges are continuing to post after the service confirmed they were stopped We would appreciate clear guidance on the next step.","urgent"
"Could you advise us on this situation? An integration stopped updating overnight, but we can enter the data manually for now","normal"
"Could you advise us on this situation? Procurement will choose another vendor unless it receives the contract details by tomorrow","high"
"A failed integration is delaying hundreds of orders and manual processing is falling behind","high"
"I am writing on behalf of our organization. procurement will choose another vendor unless it receives the contract details by tomorrow","high"
"An integration stopped updating overnight, but we can enter the data manually for now We would appreciate clear guidance on the next step.","normal"
"Please stop our subscription when the current monthly period finishes We would appreciate clear guidance on the next step.","normal"
"Could you advise us on this situation? I want to know whether data can be retained if we leave sometime next year","low"
"Our accountant is documenting accepted payment methods for next year's procedures We would appreciate clear guidance on the next step.","low"
"Could you advise us on this situation? Our live ordering system stopped synchronizing and sales at every location are currently halted","urgent"
"The system charged our card thousands of dollars repeatedly and new transactions are still appearing","urgent"
"Could you advise us on this situation? Could you explain how archived workspaces are organized before we create one","low"
"Could you advise us on this situation? My password reset link fails and I need help returning to my account","normal"
"I am writing on behalf of our organization. a large unexpected charge is preventing finance from closing today's monthly accounts","high"
"Could you advise us on this situation? Please change the address shown on our future invoices","normal"
"Could you advise us on this situation? The subscription renews in less than an hour despite our accepted cancellation notice","urgent"
"I am writing on behalf of our organization. could you explain the prorated amount after we added two seats","normal"
"Our expansion begins in two days and we still need confirmation that the plan supports it We would appreciate clear guidance on the next step.","high"
"Our team is reviewing which subscriptions it might reduce in a future budget cycle We would appreciate clear guidance on the next step.","low"
"I need a receipt for this month's subscription payment We would appreciate clear guidance on the next step.","normal"
"Could you advise us on this situation? A duplicate withdrawal emptied the operating account and the bank needs an immediate reversal to avoid rejected payroll","urgent"
"I am writing on behalf of our organization. please refund the unused portion of a package we no longer require","normal"
"Could you advise us on this situation? Please stop our subscription when the current monthly period finishes","normal"
"I am writing on behalf of our organization. please clarify whether old exported reports remain available after ninety days","low"
"Could you advise us on this situation? The account is scheduled to renew today for a large annual amount that the company did not authorize","urgent"
"We are closing a division this week and need its workspace terminated before access transfers We would appreciate clear guidance on the next step.","high"
"Could you advise us on this situation? Reports needed for tomorrow's executive meeting are failing for every analyst","high"
"A substantial duplicate payment has reduced the funds available for this week's payroll We would appreciate clear guidance on the next step.","high"
"We must purchase emergency capacity today because a live customer event has exceeded every current limit","urgent"
"Could you advise us on this situation? We were charged for hundreds of unused seats and need the excess amount returned promptly","high"
"A public-sector bid closes in two hours and our final submission cannot proceed without your signed pricing We would appreciate clear guidance on the next step.","urgent"
"Could you advise us on this situation? I want to update the billing contact before our next renewal several months from now","low"
"The promised reimbursement is required today to prevent an essential supplier payment from failing We would appreciate clear guidance on the next step.","urgent"
"Could you advise us on this situation? One of two identical charges should be reimbursed through the usual process","normal"
"I am writing on behalf of our organization. i have a general question about changing display preferences someday","low"
"I bought an add-on by mistake yesterday and would like the payment returned We would appreciate clear guidance on the next step.","normal"
"We must purchase emergency capacity today because a live customer event has exceeded every current limit We would appreciate clear guidance on the next step.","urgent"
"Could you advise us on this situation? Our card expires next month and we need to replace it before renewal","normal"
"I am writing on behalf of our organization. i am following up on a reimbursement that was approved last week","normal"
"I am writing on behalf of our organization. our renewal payment is failing and service restrictions begin tomorrow","high"
"I am writing on behalf of our organization. we suspect an unauthorized administrator accessed confidential records and need immediate security help","urgent"
"Please send billing notices to our new accounts-payable contact","normal"
"I am writing on behalf of our organization. a former administrator still has access to a workspace that must be closed immediately for security reasons","urgent"
"I am writing on behalf of our organization. our busiest team is blocked from uploading files and the workaround is too slow to sustain","high"
"Could you advise us on this situation? We need an approved reimbursement completed quickly because the amount is affecting cash flow","high"
"One of two identical charges should be reimbursed through the usual process We would appreciate clear guidance on the next step.","normal"
"We were charged for hundreds of unused seats and need the excess amount returned promptly We would appreciate clear guidance on the next step.","high"
"Could you explain an old statement line that has already been reconciled We would appreciate clear guidance on the next step.","low"
"A payment was assigned to the wrong company and both finance teams are unable to reconcile it We would appreciate clear guidance on the next step.","high"
"Could you advise us on this situation? Our project has ended and the related plan can finish at the end of its term","normal"
"I am writing on behalf of our organization. i would like to arrange a product demonstration for our department","normal"
"I am writing on behalf of our organization. the promised refund has not arrived and our card balance is blocking essential purchases","high"
"A major annual purchase was made accidentally and finance needs the reversal prioritized We would appreciate clear guidance on the next step.","high"
"A terminated employee controls the subscription and we need service ended before more data is accessed We would appreciate clear guidance on the next step.","urgent"
"Our project has ended and the related plan can finish at the end of its term","normal"
"Could you advise us on this situation? A public-sector bid closes in two hours and our final submission cannot proceed without your signed pricing","urgent"
"Could you advise us on this situation? A large unexpected charge is preventing finance from closing today's monthly accounts","high"
"I am writing on behalf of our organization. a profile picture is slightly cropped, but the account remains fully usable","low"
"I am writing on behalf of our organization. several departments lost access to a key workspace, but administrators can still retrieve data","high"
"I am writing on behalf of our organization. i need a receipt for this month's subscription payment","normal"
"Could you advise us on this situation? An unknown party is making repeated card payments from our account right now","urgent"
"Our account was switched to an unfamiliar billing owner and confidential invoices are exposed We would appreciate clear guidance on the next step.","urgent"
"Could you advise us on this situation? We need a copy of an invoice from last year for our internal archive","low"
"Could you advise us on this situation? A hospital deployment begins within hours and we need confirmation of the required licenses","urgent"
"Please help correct a permission problem affecting one project member","normal"
"Could you explain how archived workspaces are organized before we create one We would appreciate clear guidance on the next step.","low"
"I would like to arrange a product demonstration for our department","normal"
"I am writing on behalf of our organization. i want to know whether data can be retained if we leave sometime next year","low"
"I am writing on behalf of our organization. please tell me where historical receipts can be downloaded for record keeping","low"
"I am writing on behalf of our organization. we are researching subscription options for a project that may start next year","low"
"Our busiest team is blocked from uploading files and the workaround is too slow to sustain We would appreciate clear guidance on the next step.","high"
"The checkout failure is blocking an emergency account expansion needed for today's operations","urgent"
"The billing contact must be changed before a confidential invoice is issued tomorrow","high"
"Can someone explain which subscription includes the reporting features we need We would appreciate clear guidance on the next step.","normal"
"I am writing on behalf of our organization. we need to add fifty users before Monday's client launch and require purchasing help","high"
"Could you advise us on this situation? Please prevent another large payment while our cancellation request is awaiting processing","high"
"Our project has ended and the related plan can finish at the end of its term We would appreciate clear guidance on the next step.","normal"
"Could you advise us on this situation? A terminated employee controls the subscription and we need service ended before more data is accessed","urgent"
"I am writing on behalf of our organization. a failed integration is delaying hundreds of orders and manual processing is falling behind","high"
"The subscription renews in less than an hour despite our accepted cancellation notice We would appreciate clear guidance on the next step.","urgent"
"I am writing on behalf of our organization. we were charged for hundreds of unused seats and need the excess amount returned promptly","high"
"My password reset link fails and I need help returning to my account We would appreciate clear guidance on the next step.","normal"
"I want to know whether data can be retained if we leave sometime next year We would appreciate clear guidance on the next step.","low"
"Please change the address shown on our future invoices We would appreciate clear guidance on the next step.","normal"
"Could you advise us on this situation? We must purchase emergency capacity today because a live customer event has exceeded every current limit","urgent"
"Our accountant is documenting accepted payment methods for next year's procedures","low"
"We are researching subscription options for a project that may start next year","low"
"My password reset link fails and I need help returning to my account","normal"
"I am writing on behalf of our organization. an unknown party is making repeated card payments from our account right now","urgent"
"Could you advise us on this situation? Our small company is choosing a plan and needs the usual pricing details","normal"
"A large unexpected charge is preventing finance from closing today's monthly accounts","high"
"The customer service team cannot open cases, although managers have a temporary workaround We would appreciate clear guidance on the next step.","high"
"A hospital deployment begins within hours and we need confirmation of the required licenses We would appreciate clear guidance on the next step.","urgent"
"The subscription renews in less than an hour despite our accepted cancellation notice","urgent"
"One of two identical charges should be reimbursed through the usual process","normal"
"Could you disable renewal before the next ordinary billing cycle","normal"
"Our team is reviewing which subscriptions it might reduce in a future budget cycle","low"
"Could you advise us on this situation? An unauthorized purchase consumed the card limit needed for emergency travel today and must be reversed","urgent"
"Reports needed for tomorrow's executive meeting are failing for every analyst We would appreciate clear guidance on the next step.","high"
"I want to understand how reimbursements normally appear on a card statement We would appreciate clear guidance on the next step.","low"
"A public-sector bid closes in two hours and our final submission cannot proceed without your signed pricing","urgent"
"A signed quote is required today to keep our planned rollout on schedule We would appreciate clear guidance on the next step.","high"
"I am writing on behalf of our organization. please send billing notices to our new accounts-payable contact","normal"
"Could you advise us on this situation? Our legal deadline expires this afternoon and we need immediate confirmation that the contract has been terminated","urgent"
"Could you advise us on this situation? One optional notification arrives later than expected and is not affecting our work","low"
"Could you advise us on this situation? A major annual purchase was made accidentally and finance needs the reversal prioritized","high"
"I am writing on behalf of our organization. please help correct a permission problem affecting one project member","normal"
"One employee cannot save a record, although the rest of the team can continue working","normal"
"I am writing on behalf of our organization. all workspaces show another customer's data, so we have stopped using the service pending an immediate response","urgent"
"An unauthorized purchase consumed the card limit needed for emergency travel today and must be reversed We would appreciate clear guidance on the next step.","urgent"
"Production is unavailable for all customers and every request is returning a server error","urgent"
"Please tell me where historical receipts can be downloaded for record keeping We would appreciate clear guidance on the next step.","low"
"Could you advise us on this situation? Could you explain whether unused trial credit can ever be returned","low"
"I am writing on behalf of our organization. our proposal is due tomorrow and we need final pricing to include your platform","high"
"Our legal deadline expires this afternoon and we need immediate confirmation that the contract has been terminated","urgent"
"Please prevent another large payment while our cancellation request is awaiting processing","high"
"We need to add fifty users before Monday's client launch and require purchasing help We would appreciate clear guidance on the next step.","high"
"I am writing on behalf of our organization. our legal deadline expires this afternoon and we need immediate confirmation that the contract has been terminated","urgent"
"Could you advise us on this situation? Our acquisition closes this afternoon and legal needs the enterprise agreement immediately","urgent"
"I am writing on behalf of our organization. we are ready to discuss purchasing an additional workspace through the normal process","normal"
"A failed renewal will suspend our production workspace within the next hour","urgent"
"Procurement will choose another vendor unless it receives the contract details by tomorrow","high"
"Could you advise us on this situation? Could you explain the prorated amount after we added two seats","normal"
"Could you advise us on this situation? Today's payment deadline will shut down a critical customer service operation if the transaction is not corrected","urgent"
"Please describe how a voluntary downgrade would work when there is no deadline We would appreciate clear guidance on the next step.","low"
"Please stop our subscription when the current monthly period finishes","normal"
"I am writing on behalf of our organization. please prevent another large payment while our cancellation request is awaiting processing","high"
"The wrong workspace was billed and we would like that transaction reversed","normal"
"We were charged for hundreds of unused seats and need the excess amount returned promptly","high"
"The promised refund has not arrived and our card balance is blocking essential purchases","high"
"Our small company is choosing a plan and needs the usual pricing details","normal"
"A hospital deployment begins within hours and we need confirmation of the required licenses","urgent"
"Could you advise us on this situation? A fraudulent transaction from our account needs to be reversed while the card issuer investigates","urgent"
"Could you advise us on this situation? The promised refund has not arrived and our card balance is blocking essential purchases","high"
"Could you explain an old statement line that has already been reconciled","low"
"One employee cannot save a record, although the rest of the team can continue working We would appreciate clear guidance on the next step.","normal"
"We need an approved reimbursement completed quickly because the amount is affecting cash flow We would appreciate clear guidance on the next step.","high"
"Please send product literature when convenient so we can keep it on file We would appreciate clear guidance on the next step.","low"
"I am writing on behalf of our organization. please prepare a standard quote for ten users so we can review it this month","normal"
"Our acquisition closes this afternoon and legal needs the enterprise agreement immediately We would appreciate clear guidance on the next step.","urgent"
"Could you advise us on this situation? A signed quote is required today to keep our planned rollout on schedule","high"
"I am comparing vendors informally and would like to understand the usual contract lengths","low"
"Could you advise us on this situation? I need a receipt for this month's subscription payment","normal"
"Please prepare a standard quote for ten users so we can review it this month We would appreciate clear guidance on the next step.","normal"
"I am writing on behalf of our organization. the export button produces an error and we would like it fixed through regular support","normal"
"Today's payment deadline will shut down a critical customer service operation if the transaction is not corrected","urgent"
"An unauthorized purchase consumed the card limit needed for emergency travel today and must be reversed","urgent"
"I am writing on behalf of our organization. a payment was assigned to the wrong company and both finance teams are unable to reconcile it","high"
"I am writing on behalf of our organization. please stop our subscription when the current monthly period finishes","normal"
"Could you advise us on this situation? The checkout failure is blocking an emergency account expansion needed for today's operations","urgent"
"We are researching subscription options for a project that may start next year We would appreciate clear guidance on the next step.","low"
"Please prevent another large payment while our cancellation request is awaiting processing We would appreciate clear guidance on the next step.","high"
"Please describe the standard return process for future reference","low"
"Could you advise us on this situation? The system charged our card thousands of dollars repeatedly and new transactions are still appearing","urgent"
"Could you advise us on this situation? A failed renewal will suspend our production workspace within the next hour","urgent"
"We may request money back for an optional workshop later, but no payment has been made","low"
"I want to know whether data can be retained if we leave sometime next year","low"
"Could you advise us on this situation? Please tell me where historical receipts can be downloaded for record keeping","low"
"An integration stopped updating overnight, but we can enter the data manually for now","normal"
"The wrong workspace was billed and we would like that transaction reversed We would appreciate clear guidance on the next step.","normal"
"The export button produces an error and we would like it fixed through regular support","normal"
"I am writing on behalf of our organization. a fraudulent transaction from our account needs to be reversed while the card issuer investigates","urgent"
"I am writing on behalf of our organization. could you explain the cancellation notice period before we make a decision","low"
"Our annual renewal occurs tomorrow and the subscription must not extend into another year","high"
"Could you advise us on this situation? I am comparing vendors informally and would like to understand the usual contract lengths","low"
"I am writing on behalf of our organization. please describe the standard return process for future reference","low"
"Could you advise us on this situation? The contract deadline is tomorrow and we need confirmation that notice was accepted","high"
"I am writing on behalf of our organization. could you explain whether unused trial credit can ever be returned","low"
"I am writing on behalf of our organization. our expansion begins in two days and we still need confirmation that the plan supports it","high"
"I am writing on behalf of our organization. i want to update the billing contact before our next renewal several months from now","low"
"I am writing on behalf of our organization. i bought an add-on by mistake yesterday and would like the payment returned","normal"
"We need a copy of an invoice from last year for our internal archive We would appreciate clear guidance on the next step.","low"
"Could you advise us on this situation? We need to add fifty users before Monday's client launch and require purchasing help","high"
"I am writing on behalf of our organization. the contract deadline is tomorrow and we need confirmation that notice was accepted","high"
"I am writing on behalf of our organization. a signed quote is required today to keep our planned rollout on schedule","high"
"The invoice total is substantially wrong and must be corrected before today's approval cutoff","high"
"Could you advise us on this situation? One employee cannot save a record, although the rest of the team can continue working","normal"
"A terminated employee controls the subscription and we need service ended before more data is accessed","urgent"
"The invoice total is substantially wrong and must be corrected before today's approval cutoff We would appreciate clear guidance on the next step.","high"
"Our renewal payment is failing and service restrictions begin tomorrow We would appreciate clear guidance on the next step.","high"
"Several departments lost access to a key workspace, but administrators can still retrieve data We would appreciate clear guidance on the next step.","high"
"I am reading the refund policy before making any purchase","low"
"I need a receipt for this month's subscription payment","normal"
"Could you advise us on this situation? Can someone explain which subscription includes the reporting features we need","normal"
"I am writing on behalf of our organization. our account was switched to an unfamiliar billing owner and confidential invoices are exposed","urgent"
"Could you explain the prorated amount after we added two seats","normal"
"Could you advise us on this situation? A costly add-on renews in two days unless the cancellation is processed","high"
"A duplicate withdrawal emptied the operating account and the bank needs an immediate reversal to avoid rejected payroll We would appreciate clear guidance on the next step.","urgent"
"Could you advise us on this situation? We want to close an unused workspace while keeping our main account active","normal"
"Please change the address shown on our future invoices","normal"
"One optional notification arrives later than expected and is not affecting our work","low"
"Our team is curious whether nonprofit pricing exists, with no purchase decision scheduled","low"
"I want to update the billing contact before our next renewal several months from now We would appreciate clear guidance on the next step.","low"
"I am writing on behalf of our organization. the wrong workspace was billed and we would like that transaction reversed","normal"
"Could you explain whether unused trial credit can ever be returned","low"
"I want to update the billing contact before our next renewal several months from now","low"
"A fraudulent transaction from our account needs to be reversed while the card issuer investigates","urgent"
"Could you advise us on this situation? A payment was assigned to the wrong company and both finance teams are unable to reconcile it","high"
"I am writing on behalf of our organization. the billing contact must be changed before a confidential invoice is issued tomorrow","high"
"A large unexpected charge is preventing finance from closing today's monthly accounts We would appreciate clear guidance on the next step.","high"
"A signed quote is required today to keep our planned rollout on schedule","high"
"Could you advise us on this situation? Our renewal payment is failing and service restrictions begin tomorrow","high"
"Could you advise us on this situation? Production is unavailable for all customers and every request is returning a server error","urgent"
"I am writing on behalf of our organization. the promised reimbursement is required today to prevent an essential supplier payment from failing","urgent"
"A failed renewal will suspend our production workspace within the next hour We would appreciate clear guidance on the next step.","urgent"
"The entire company is locked out of the platform and nobody can perform their work We would appreciate clear guidance on the next step.","urgent"
"Could you advise us on this situation? I would like to arrange a product demonstration for our department","normal"
"A fraudulent transaction from our account needs to be reversed while the card issuer investigates We would appreciate clear guidance on the next step.","urgent"
"I am writing on behalf of our organization. our acquisition closes this afternoon and legal needs the enterprise agreement immediately","urgent"
"Please send product literature when convenient so we can keep it on file","low"
"The export button produces an error and we would like it fixed through regular support We would appreciate clear guidance on the next step.","normal"
"Could you advise us on this situation? I bought an add-on by mistake yesterday and would like the payment returned","normal"
"Several departments lost access to a key workspace, but administrators can still retrieve data","high"
"Our live ordering system stopped synchronizing and sales at every location are currently halted We would appreciate clear guidance on the next step.","urgent"
"A former administrator still has access to a workspace that must be closed immediately for security reasons","urgent"
"Our proposal is due tomorrow and we need final pricing to include your platform","high"
"The account is scheduled to renew today for a large annual amount that the company did not authorize","urgent"
"A failed integration is delaying hundreds of orders and manual processing is falling behind We would appreciate clear guidance on the next step.","high"
"Could you advise us on this situation? We are ready to discuss purchasing an additional workspace through the normal process","normal"
"Multiple large charges are continuing to post after the service confirmed they were stopped","urgent"
"Could you advise us on this situation? Could you explain an old statement line that has already been reconciled","low"
"I am writing on behalf of our organization. reports needed for tomorrow's executive meeting are failing for every analyst","high"
"I am writing on behalf of our organization. my password reset link fails and I need help returning to my account","normal"
"I am writing on behalf of our organization. our small company is choosing a plan and needs the usual pricing details","normal"
"I am following up on a reimbursement that was approved last week","normal"
"Could you explain whether unused trial credit can ever be returned We would appreciate clear guidance on the next step.","low"
"All workspaces show another customer's data, so we have stopped using the service pending an immediate response","urgent"
"Our acquisition closes this afternoon and legal needs the enterprise agreement immediately","urgent"
"Could you advise us on this situation? Please guide me through downgrading the account after this month","normal"
"Could you advise us on this situation? Please send billing notices to our new accounts-payable contact","normal"
"A profile picture is slightly cropped, but the account remains fully usable","low"
"Our account was switched to an unfamiliar billing owner and confidential invoices are exposed","urgent"
"Could you advise us on this situation? Please send product literature when convenient so we can keep it on file","low"
"Could you advise us on this situation? The billing contact must be changed before a confidential invoice is issued tomorrow","high"
"I am writing on behalf of our organization. the system charged our card thousands of dollars repeatedly and new transactions are still appearing","urgent"
"We suspect an unauthorized administrator accessed confidential records and need immediate security help","urgent"
"Could you advise us on this situation? A substantial duplicate payment has reduced the funds available for this week's payroll","high"
"Could you advise us on this situation? Please help correct a permission problem affecting one project member","normal"
"We want to close an unused workspace while keeping our main account active","normal"
"A former administrator still has access to a workspace that must be closed immediately for security reasons We would appreciate clear guidance on the next step.","urgent"
"Please send billing notices to our new accounts-payable contact We would appreciate clear guidance on the next step.","normal"
"Please tell me where historical receipts can be downloaded for record keeping","low"
"Could you advise us on this situation? A failed integration is delaying hundreds of orders and manual processing is falling behind","high"
"Could you explain the cancellation notice period before we make a decision We would appreciate clear guidance on the next step.","low"
"Could you advise us on this situation? We are considering ending one workspace after the current annual term","low"
"Could you advise us on this situation? I want to understand how reimbursements normally appear on a card statement","low"
"I am writing on behalf of our organization. can someone explain which subscription includes the reporting features we need","normal"
"I am writing on behalf of our organization. our annual renewal occurs tomorrow and the subscription must not extend into another year","high"
"Our team is curious whether nonprofit pricing exists, with no purchase decision scheduled We would appreciate clear guidance on the next step.","low"
"We suspect an unauthorized administrator accessed confidential records and need immediate security help We would appreciate clear guidance on the next step.","urgent"
"Could you advise us on this situation? I would like a general overview of your plans for future budget planning","low"
"Could you advise us on this situation? Could you explain the cancellation notice period before we make a decision","low"
"All workspaces show another customer's data, so we have stopped using the service pending an immediate response We would appreciate clear guidance on the next step.","urgent"
"I am writing on behalf of our organization. i want to understand how reimbursements normally appear on a card statement","low"
"Please refund the unused portion of a package we no longer require We would appreciate clear guidance on the next step.","normal"
"We need an approved reimbursement completed quickly because the amount is affecting cash flow","high"
"Could you advise us on this situation? Our team is reviewing which subscriptions it might reduce in a future budget cycle","low"
"I am writing on behalf of our organization. the subscription renews in less than an hour despite our accepted cancellation notice","urgent"
"Could you explain how archived workspaces are organized before we create one","low"
"Could you explain the cancellation notice period before we make a decision","low"
"I am writing on behalf of our organization. could you explain an old statement line that has already been reconciled","low"
"Could you advise us on this situation? Please describe the standard return process for future reference","low"
"Could you advise us on this situation? Our team is curious whether nonprofit pricing exists, with no purchase decision scheduled","low"
"I am writing on behalf of our organization. i am comparing vendors informally and would like to understand the usual contract lengths","low"
"I am writing on behalf of our organization. our live ordering system stopped synchronizing and sales at every location are currently halted","urgent"
"Please clarify whether old exported reports remain available after ninety days We would appreciate clear guidance on the next step.","low"
"I am writing on behalf of our organization. today's payment deadline will shut down a critical customer service operation if the transaction is not corrected","urgent"
"I am writing on behalf of our organization. the entire company is locked out of the platform and nobody can perform their work","urgent"
"Could you advise us on this situation? Our annual renewal occurs tomorrow and the subscription must not extend into another year","high"
"I am writing on behalf of our organization. a hospital deployment begins within hours and we need confirmation of the required licenses","urgent"
"We want to close an unused workspace while keeping our main account active We would appreciate clear guidance on the next step.","normal"
"I am writing on behalf of our organization. we are considering ending one workspace after the current annual term","low"
"Our renewal payment is failing and service restrictions begin tomorrow","high"
"We are considering ending one workspace after the current annual term We would appreciate clear guidance on the next step.","low"
"Could you advise us on this situation? We are closing a division this week and need its workspace terminated before access transfers","high"
"Could you advise us on this situation? Our expansion begins in two days and we still need confirmation that the plan supports it","high"
"I am writing on behalf of our organization. the account is scheduled to renew today for a large annual amount that the company did not authorize","urgent"
"Please describe the available packages for a possible future initiative. This is for planning more than six months ahead, and nothing currently depends on the answer.","low"
"This is for planning more than six months ahead, and nothing currently depends on the answer. Could you share general licensing information for our long-range research.","low"
"We would like a product overview to include in an early planning document; this is for planning more than six months ahead, and nothing currently depends on the answer.","low"
"Because this is for planning more than six months ahead, and nothing currently depends on the answer, please explain how organizations normally estimate seats before budgeting.","low"
"Here is the context: no active customer, payment, or daily work is affected by this question. Please describe the available packages for a possible future initiative.","low"
"Could you share general licensing information for our long-range research. To set expectations, no active customer, payment, or daily work is affected by this question.","low"
"We would like a product overview to include in an early planning document. No active customer, payment, or daily work is affected by this question.","low"
"No active customer, payment, or daily work is affected by this question. Please explain how organizations normally estimate seats before budgeting.","low"
"Please describe the available packages for a possible future initiative; we are compiling reference notes and can wait until our next quarterly review.","low"
"Because we are compiling reference notes and can wait until our next quarterly review, could you share general licensing information for our long-range research.","low"
"Here is the context: we are compiling reference notes and can wait until our next quarterly review. We would like a product overview to include in an early planning document.","low"
"Please explain how organizations normally estimate seats before budgeting. To set expectations, we are compiling reference notes and can wait until our next quarterly review.","low"
"Please describe the available packages for a possible future initiative. The situation is hypothetical, and nobody has committed to making the change.","low"
"The situation is hypothetical, and nobody has committed to making the change. Could you share general licensing information for our long-range research.","low"
"We would like a product overview to include in an early planning document; the situation is hypothetical, and nobody has committed to making the change.","low"
"Because the situation is hypothetical, and nobody has committed to making the change, please explain how organizations normally estimate seats before budgeting.","low"
"Here is the context: it concerns an optional improvement while all existing work continues normally. Please describe the available packages for a possible future initiative.","low"
"Could you share general licensing information for our long-range research. To set expectations, it concerns an optional improvement while all existing work continues normally.","low"
"We would like a product overview to include in an early planning document. It concerns an optional improvement while all existing work continues normally.","low"
"It concerns an optional improvement while all existing work continues normally. Please explain how organizations normally estimate seats before budgeting.","low"
"Please describe the available packages for a possible future initiative; the relevant account is dormant and has no active users or transactions.","low"
"Because the relevant account is dormant and has no active users or transactions, could you share general licensing information for our long-range research.","low"
"Here is the context: the relevant account is dormant and has no active users or transactions. We would like a product overview to include in an early planning document.","low"
"Please explain how organizations normally estimate seats before budgeting. To set expectations, the relevant account is dormant and has no active users or transactions.","low"
"Please describe the available packages for a possible future initiative. The team is only comparing possibilities for a future budget cycle.","low"
"The team is only comparing possibilities for a future budget cycle. Could you share general licensing information for our long-range research.","low"
"We would like a product overview to include in an early planning document; the team is only comparing possibilities for a future budget cycle.","low"
"Because the team is only comparing possibilities for a future budget cycle, please explain how organizations normally estimate seats before budgeting.","low"
"Here is the context: the detail affects presentation or preference rather than records or operations. Please describe the available packages for a possible future initiative.","low"
"Could you share general licensing information for our long-range research. To set expectations, the detail affects presentation or preference rather than records or operations.","low"
"We would like a product overview to include in an early planning document. The detail affects presentation or preference rather than records or operations.","low"
"The detail affects presentation or preference rather than records or operations. Please explain how organizations normally estimate seats before budgeting.","low"
"Please describe the available packages for a possible future initiative; we are documenting policy and do not need any action taken now.","low"
"Because we are documenting policy and do not need any action taken now, could you share general licensing information for our long-range research.","low"
"Here is the context: we are documenting policy and do not need any action taken now. We would like a product overview to include in an early planning document.","low"
"Please explain how organizations normally estimate seats before budgeting. To set expectations, we are documenting policy and do not need any action taken now.","low"
"Please describe the available packages for a possible future initiative. The matter can wait several weeks without causing a practical consequence.","low"
"The matter can wait several weeks without causing a practical consequence. Could you share general licensing information for our long-range research.","low"
"We would like a product overview to include in an early planning document; the matter can wait several weeks without causing a practical consequence.","low"
"Because the matter can wait several weeks without causing a practical consequence, please explain how organizations normally estimate seats before budgeting.","low"
"Here is the context: there is no deadline, financial loss, blocked work, or customer impact. Please describe the available packages for a possible future initiative.","low"
"Could you share general licensing information for our long-range research. To set expectations, there is no deadline, financial loss, blocked work, or customer impact.","low"
"We would like a product overview to include in an early planning document. There is no deadline, financial loss, blocked work, or customer impact.","low"
"There is no deadline, financial loss, blocked work, or customer impact. Please explain how organizations normally estimate seats before budgeting.","low"
"Could you explain how to adjust a minor display preference; this is for planning more than six months ahead, and nothing currently depends on the answer.","low"
"Because this is for planning more than six months ahead, and nothing currently depends on the answer, please document how an optional notification setting is supposed to behave.","low"
"Here is the context: this is for planning more than six months ahead, and nothing currently depends on the answer. We noticed a cosmetic alignment detail and would like it recorded.","low"
"Could you clarify how archived items are sorted in the interface. To set expectations, this is for planning more than six months ahead, and nothing currently depends on the answer.","low"
"Could you explain how to adjust a minor display preference. No active customer, payment, or daily work is affected by this question.","low"
"No active customer, payment, or daily work is affected by this question. Please document how an optional notification setting is supposed to behave.","low"
"We noticed a cosmetic alignment detail and would like it recorded; no active customer, payment, or daily work is affected by this question.","low"
"Because no active customer, payment, or daily work is affected by this question, could you clarify how archived items are sorted in the interface.","low"
"Here is the context: we are compiling reference notes and can wait until our next quarterly review. Could you explain how to adjust a minor display preference.","low"
"Please document how an optional notification setting is supposed to behave. To set expectations, we are compiling reference notes and can wait until our next quarterly review.","low"
"We noticed a cosmetic alignment detail and would like it recorded. We are compiling reference notes and can wait until our next quarterly review.","low"
"We are compiling reference notes and can wait until our next quarterly review. Could you clarify how archived items are sorted in the interface.","low"
"Could you explain how to adjust a minor display preference; the situation is hypothetical, and nobody has committed to making the change.","low"
"Because the situation is hypothetical, and nobody has committed to making the change, please document how an optional notification setting is supposed to behave.","low"
"Here is the context: the situation is hypothetical, and nobody has committed to making the change. We noticed a cosmetic alignment detail and would like it recorded.","low"
"Could you clarify how archived items are sorted in the interface. To set expectations, the situation is hypothetical, and nobody has committed to making the change.","low"
"Could you explain how to adjust a minor display preference. It concerns an optional improvement while all existing work continues normally.","low"
"It concerns an optional improvement while all existing work continues normally. Please document how an optional notification setting is supposed to behave.","low"
"We noticed a cosmetic alignment detail and would like it recorded; it concerns an optional improvement while all existing work continues normally.","low"
"Because it concerns an optional improvement while all existing work continues normally, could you clarify how archived items are sorted in the interface.","low"
"Here is the context: the relevant account is dormant and has no active users or transactions. Could you explain how to adjust a minor display preference.","low"
"Please document how an optional notification setting is supposed to behave. To set expectations, the relevant account is dormant and has no active users or transactions.","low"
"We noticed a cosmetic alignment detail and would like it recorded. The relevant account is dormant and has no active users or transactions.","low"
"The relevant account is dormant and has no active users or transactions. Could you clarify how archived items are sorted in the interface.","low"
"Could you explain how to adjust a minor display preference; the team is only comparing possibilities for a future budget cycle.","low"
"Because the team is only comparing possibilities for a future budget cycle, please document how an optional notification setting is supposed to behave.","low"
"Here is the context: the team is only comparing possibilities for a future budget cycle. We noticed a cosmetic alignment detail and would like it recorded.","low"
"Could you clarify how archived items are sorted in the interface. To set expectations, the team is only comparing possibilities for a future budget cycle.","low"
"Could you explain how to adjust a minor display preference. The detail affects presentation or preference rather than records or operations.","low"
"The detail affects presentation or preference rather than records or operations. Please document how an optional notification setting is supposed to behave.","low"
"We noticed a cosmetic alignment detail and would like it recorded; the detail affects presentation or preference rather than records or operations.","low"
"Because the detail affects presentation or preference rather than records or operations, could you clarify how archived items are sorted in the interface.","low"
"Here is the context: we are documenting policy and do not need any action taken now. Could you explain how to adjust a minor display preference.","low"
"Please document how an optional notification setting is supposed to behave. To set expectations, we are documenting policy and do not need any action taken now.","low"
"We noticed a cosmetic alignment detail and would like it recorded. We are documenting policy and do not need any action taken now.","low"
"We are documenting policy and do not need any action taken now. Could you clarify how archived items are sorted in the interface.","low"
"Could you explain how to adjust a minor display preference; the matter can wait several weeks without causing a practical consequence.","low"
"Because the matter can wait several weeks without causing a practical consequence, please document how an optional notification setting is supposed to behave.","low"
"Here is the context: the matter can wait several weeks without causing a practical consequence. We noticed a cosmetic alignment detail and would like it recorded.","low"
"Could you clarify how archived items are sorted in the interface. To set expectations, the matter can wait several weeks without causing a practical consequence.","low"
"Could you explain how to adjust a minor display preference. There is no deadline, financial loss, blocked work, or customer impact.","low"
"There is no deadline, financial loss, blocked work, or customer impact. Please document how an optional notification setting is supposed to behave.","low"
"We noticed a cosmetic alignment detail and would like it recorded; there is no deadline, financial loss, blocked work, or customer impact.","low"
"Because there is no deadline, financial loss, blocked work, or customer impact, could you clarify how archived items are sorted in the interface.","low"
"Here is the context: this is for planning more than six months ahead, and nothing currently depends on the answer. Please explain the usual structure of invoices for future reference.","low"
"Could you describe the payment methods available on a theoretical new account. To set expectations, this is for planning more than six months ahead, and nothing currently depends on the answer.","low"
"We would like to understand how tax information is normally presented. This is for planning more than six months ahead, and nothing currently depends on the answer.","low"
"This is for planning more than six months ahead, and nothing currently depends on the answer. Please tell us where old financial documents are kept for record retention.","low"
"Please explain the usual structure of invoices for future reference; no active customer, payment, or daily work is affected by this question.","low"
"Because no active customer, payment, or daily work is affected by this question, could you describe the payment methods available on a theoretical new account.","low"
"Here is the context: no active customer, payment, or daily work is affected by this question. We would like to understand how tax information is normally presented.","low"
"Please tell us where old financial documents are kept for record retention. To set expectations, no active customer, payment, or daily work is affected by this question.","low"
"Please explain the usual structure of invoices for future reference. We are compiling reference notes and can wait until our next quarterly review.","low"
"We are compiling reference notes and can wait until our next quarterly review. Could you describe the payment methods available on a theoretical new account.","low"
"We would like to understand how tax information is normally presented; we are compiling reference notes and can wait until our next quarterly review.","low"
"Because we are compiling reference notes and can wait until our next quarterly review, please tell us where old financial documents are kept for record retention.","low"
"Here is the context: the situation is hypothetical, and nobody has committed to making the change. Please explain the usual structure of invoices for future reference.","low"
"Could you describe the payment methods available on a theoretical new account. To set expectations, the situation is hypothetical, and nobody has committed to making the change.","low"
"We would like to understand how tax information is normally presented. The situation is hypothetical, and nobody has committed to making the change.","low"
"The situation is hypothetical, and nobody has committed to making the change. Please tell us where old financial documents are kept for record retention.","low"
"Please explain the usual structure of invoices for future reference; it concerns an optional improvement while all existing work continues normally.","low"
"Because it concerns an optional improvement while all existing work continues normally, could you describe the payment methods available on a theoretical new account.","low"
"Here is the context: it concerns an optional improvement while all existing work continues normally. We would like to understand how tax information is normally presented.","low"
"Please tell us where old financial documents are kept for record retention. To set expectations, it concerns an optional improvement while all existing work continues normally.","low"
"Please explain the usual structure of invoices for future reference. The relevant account is dormant and has no active users or transactions.","low"
"The relevant account is dormant and has no active users or transactions. Could you describe the payment methods available on a theoretical new account.","low"
"We would like to understand how tax information is normally presented; the relevant account is dormant and has no active users or transactions.","low"
"Because the relevant account is dormant and has no active users or transactions, please tell us where old financial documents are kept for record retention.","low"
"Here is the context: the team is only comparing possibilities for a future budget cycle. Please explain the usual structure of invoices for future reference.","low"
"Could you describe the payment methods available on a theoretical new account. To set expectations, the team is only comparing possibilities for a future budget cycle.","low"
"We would like to understand how tax information is normally presented. The team is only comparing possibilities for a future budget cycle.","low"
"The team is only comparing possibilities for a future budget cycle. Please tell us where old financial documents are kept for record retention.","low"
"Please explain the usual structure of invoices for future reference; the detail affects presentation or preference rather than records or operations.","low"
"Because the detail affects presentation or preference rather than records or operations, could you describe the payment methods available on a theoretical new account.","low"
"Here is the context: the detail affects presentation or preference rather than records or operations. We would like to understand how tax information is normally presented.","low"
"Please tell us where old financial documents are kept for record retention. To set expectations, the detail affects presentation or preference rather than records or operations.","low"
"Please explain the usual structure of invoices for future reference. We are documenting policy and do not need any action taken now.","low"
"We are documenting policy and do not need any action taken now. Could you describe the payment methods available on a theoretical new account.","low"
"We would like to understand how tax information is normally presented; we are documenting policy and do not need any action taken now.","low"
"Because we are documenting policy and do not need any action taken now, please tell us where old financial documents are kept for record retention.","low"
"Here is the context: the matter can wait several weeks without causing a practical consequence. Please explain the usual structure of invoices for future reference.","low"
"Could you describe the payment methods available on a theoretical new account. To set expectations, the matter can wait several weeks without causing a practical consequence.","low"
"We would like to understand how tax information is normally presented. The matter can wait several weeks without causing a practical consequence.","low"
"The matter can wait several weeks without causing a practical consequence. Please tell us where old financial documents are kept for record retention.","low"
"Please explain the usual structure of invoices for future reference; there is no deadline, financial loss, blocked work, or customer impact.","low"
"Because there is no deadline, financial loss, blocked work, or customer impact, could you describe the payment methods available on a theoretical new account.","low"
"Here is the context: there is no deadline, financial loss, blocked work, or customer impact. We would like to understand how tax information is normally presented.","low"
"Please tell us where old financial documents are kept for record retention. To set expectations, there is no deadline, financial loss, blocked work, or customer impact.","low"
"Could you outline the return policy before we decide whether to purchase. This is for planning more than six months ahead, and nothing currently depends on the answer.","low"
"This is for planning more than six months ahead, and nothing currently depends on the answer. Please explain how unused credit would normally be handled.","low"
"We want to understand the reimbursement process for future reference; this is for planning more than six months ahead, and nothing currently depends on the answer.","low"
"Because this is for planning more than six months ahead, and nothing currently depends on the answer, could you describe the options when a hypothetical order is never activated.","low"
"Here is the context: no active customer, payment, or daily work is affected by this question. Could you outline the return policy before we decide whether to purchase.","low"
"Please explain how unused credit would normally be handled. To set expectations, no active customer, payment, or daily work is affected by this question.","low"
"We want to understand the reimbursement process for future reference. No active customer, payment, or daily work is affected by this question.","low"
"No active customer, payment, or daily work is affected by this question. Could you describe the options when a hypothetical order is never activated.","low"
"Could you outline the return policy before we decide whether to purchase; we are compiling reference notes and can wait until our next quarterly review.","low"
"Because we are compiling reference notes and can wait until our next quarterly review, please explain how unused credit would normally be handled.","low"
"Here is the context: we are compiling reference notes and can wait until our next quarterly review. We want to understand the reimbursement process for future reference.","low"
"Could you describe the options when a hypothetical order is never activated. To set expectations, we are compiling reference notes and can wait until our next quarterly review.","low"
"Could you outline the return policy before we decide whether to purchase. The situation is hypothetical, and nobody has committed to making the change.","low"
"The situation is hypothetical, and nobody has committed to making the change. Please explain how unused credit would normally be handled.","low"
"We want to understand the reimbursement process for future reference; the situation is hypothetical, and nobody has committed to making the change.","low"
"Because the situation is hypothetical, and nobody has committed to making the change, could you describe the options when a hypothetical order is never activated.","low"
"Here is the context: it concerns an optional improvement while all existing work continues normally. Could you outline the return policy before we decide whether to purchase.","low"
"Please explain how unused credit would normally be handled. To set expectations, it concerns an optional improvement while all existing work continues normally.","low"
"We want to understand the reimbursement process for future reference. It concerns an optional improvement while all existing work continues normally.","low"
"It concerns an optional improvement while all existing work continues normally. Could you describe the options when a hypothetical order is never activated.","low"
"Could you outline the return policy before we decide whether to purchase; the relevant account is dormant and has no active users or transactions.","low"
"Because the relevant account is dormant and has no active users or transactions, please explain how unused credit would normally be handled.","low"
"Here is the context: the relevant account is dormant and has no active users or transactions. We want to understand the reimbursement process for future reference.","low"
"Could you describe the options when a hypothetical order is never activated. To set expectations, the relevant account is dormant and has no active users or transactions.","low"
"Could you outline the return policy before we decide whether to purchase. The team is only comparing possibilities for a future budget cycle.","low"
"The team is only comparing possibilities for a future budget cycle. Please explain how unused credit would normally be handled.","low"
"We want to understand the reimbursement process for future reference; the team is only comparing possibilities for a future budget cycle.","low"
"Because the team is only comparing possibilities for a future budget cycle, could you describe the options when a hypothetical order is never activated.","low"
"Here is the context: the detail affects presentation or preference rather than records or operations. Could you outline the return policy before we decide whether to purchase.","low"
"Please explain how unused credit would normally be handled. To set expectations, the detail affects presentation or preference rather than records or operations.","low"
"We want to understand the reimbursement process for future reference. The detail affects presentation or preference rather than records or operations.","low"
"The detail affects presentation or preference rather than records or operations. Could you describe the options when a hypothetical order is never activated.","low"
"Could you outline the return policy before we decide whether to purchase; we are documenting policy and do not need any action taken now.","low"
"Because we are documenting policy and do not need any action taken now, please explain how unused credit would normally be handled.","low"
"Here is the context: we are documenting policy and do not need any action taken now. We want to understand the reimbursement process for future reference.","low"
"Could you describe the options when a hypothetical order is never activated. To set expectations, we are documenting policy and do not need any action taken now.","low"
"Could you outline the return policy before we decide whether to purchase. The matter can wait several weeks without causing a practical consequence.","low"
"The matter can wait several weeks without causing a practical consequence. Please explain how unused credit would normally be handled.","low"
"We want to understand the reimbursement process for future reference; the matter can wait several weeks without causing a practical consequence.","low"
"Because the matter can wait several weeks without causing a practical consequence, could you describe the options when a hypothetical order is never activated.","low"
"Here is the context: there is no deadline, financial loss, blocked work, or customer impact. Could you outline the return policy before we decide whether to purchase.","low"
"Please explain how unused credit would normally be handled. To set expectations, there is no deadline, financial loss, blocked work, or customer impact.","low"
"We want to understand the reimbursement process for future reference. There is no deadline, financial loss, blocked work, or customer impact.","low"
"There is no deadline, financial loss, blocked work, or customer impact. Could you describe the options when a hypothetical order is never activated.","low"
"Please explain the steps for ending a plan at some later date; this is for planning more than six months ahead, and nothing currently depends on the answer.","low"
"Because this is for planning more than six months ahead, and nothing currently depends on the answer, could you describe what happens to records after a future account closure.","low"
"Here is the context: this is for planning more than six months ahead, and nothing currently depends on the answer. We want to understand notice periods before making any decision.","low"
"Please outline how an optional service could eventually be discontinued. To set expectations, this is for planning more than six months ahead, and nothing currently depends on the answer.","low"
"Please explain the steps for ending a plan at some later date. No active customer, payment, or daily work is affected by this question.","low"
"No active customer, payment, or daily work is affected by this question. Could you describe what happens to records after a future account closure.","low"
"We want to understand notice periods before making any decision; no active customer, payment, or daily work is affected by this question.","low"
"Because no active customer, payment, or daily work is affected by this question, please outline how an optional service could eventually be discontinued.","low"
"Here is the context: we are compiling reference notes and can wait until our next quarterly review. Please explain the steps for ending a plan at some later date.","low"
"Could you describe what happens to records after a future account closure. To set expectations, we are compiling reference notes and can wait until our next quarterly review.","low"
"We want to understand notice periods before making any decision. We are compiling reference notes and can wait until our next quarterly review.","low"
"We are compiling reference notes and can wait until our next quarterly review. Please outline how an optional service could eventually be discontinued.","low"
"Please explain the steps for ending a plan at some later date; the situation is hypothetical, and nobody has committed to making the change.","low"
"Because the situation is hypothetical, and nobody has committed to making the change, could you describe what happens to records after a future account closure.","low"
"Here is the context: the situation is hypothetical, and nobody has committed to making the change. We want to understand notice periods before making any decision.","low"
"Please outline how an optional service could eventually be discontinued. To set expectations, the situation is hypothetical, and nobody has committed to making the change.","low"
"Please explain the steps for ending a plan at some later date. It concerns an optional improvement while all existing work continues normally.","low"
"It concerns an optional improvement while all existing work continues normally. Could you describe what happens to records after a future account closure.","low"
"We want to understand notice periods before making any decision; it concerns an optional improvement while all existing work continues normally.","low"
"Because it concerns an optional improvement while all existing work continues normally, please outline how an optional service could eventually be discontinued.","low"
"Here is the context: the relevant account is dormant and has no active users or transactions. Please explain the steps for ending a plan at some later date.","low"
"Could you describe what happens to records after a future account closure. To set expectations, the relevant account is dormant and has no active users or transactions.","low"
"We want to understand notice periods before making any decision. The relevant account is dormant and has no active users or transactions.","low"
"The relevant account is dormant and has no active users or transactions. Please outline how an optional service could eventually be discontinued.","low"
"Please explain the steps for ending a plan at some later date; the team is only comparing possibilities for a future budget cycle.","low"
"Because the team is only comparing possibilities for a future budget cycle, could you describe what happens to records after a future account closure.","low"
"Here is the context: the team is only comparing possibilities for a future budget cycle. We want to understand notice periods before making any decision.","low"
"Please outline how an optional service could eventually be discontinued. To set expectations, the team is only comparing possibilities for a future budget cycle.","low"
"Please explain the steps for ending a plan at some later date. The detail affects presentation or preference rather than records or operations.","low"
"The detail affects presentation or preference rather than records or operations. Could you describe what happens to records after a future account closure.","low"
"We want to understand notice periods before making any decision; the detail affects presentation or preference rather than records or operations.","low"
"Because the detail affects presentation or preference rather than records or operations, please outline how an optional service could eventually be discontinued.","low"
"Here is the context: we are documenting policy and do not need any action taken now. Please explain the steps for ending a plan at some later date.","low"
"Could you describe what happens to records after a future account closure. To set expectations, we are documenting policy and do not need any action taken now.","low"
"We want to understand notice periods before making any decision. We are documenting policy and do not need any action taken now.","low"
"We are documenting policy and do not need any action taken now. Please outline how an optional service could eventually be discontinued.","low"
"Please explain the steps for ending a plan at some later date; the matter can wait several weeks without causing a practical consequence.","low"
"Because the matter can wait several weeks without causing a practical consequence, could you describe what happens to records after a future account closure.","low"
"Here is the context: the matter can wait several weeks without causing a practical consequence. We want to understand notice periods before making any decision.","low"
"Please outline how an optional service could eventually be discontinued. To set expectations, the matter can wait several weeks without causing a practical consequence.","low"
"Please explain the steps for ending a plan at some later date. There is no deadline, financial loss, blocked work, or customer impact.","low"
"There is no deadline, financial loss, blocked work, or customer impact. Could you describe what happens to records after a future account closure.","low"
"We want to understand notice periods before making any decision; there is no deadline, financial loss, blocked work, or customer impact.","low"
"Because there is no deadline, financial loss, blocked work, or customer impact, please outline how an optional service could eventually be discontinued.","low"
"Please prepare a standard quote for a small team considering a purchase. This is an active request for one ordinary account with no approaching deadline.","normal"
"This is an active request for one ordinary account with no approaching deadline. Could we arrange a routine demonstration for a department evaluating the product.","normal"
"We need help choosing between two plans for an upcoming project; this is an active request for one ordinary account with no approaching deadline.","normal"
"Because this is an active request for one ordinary account with no approaching deadline, please send the commercial details needed for an ordinary buying decision.","normal"
"Here is the context: only one person is affected, and colleagues can handle their tasks in the meantime. Please prepare a standard quote for a small team considering a purchase.","normal"
"Could we arrange a routine demonstration for a department evaluating the product. To set expectations, only one person is affected, and colleagues can handle their tasks in the meantime.","normal"
"We need help choosing between two plans for an upcoming project. Only one person is affected, and colleagues can handle their tasks in the meantime.","normal"
"Only one person is affected, and colleagues can handle their tasks in the meantime. Please send the commercial details needed for an ordinary buying decision.","normal"
"Please prepare a standard quote for a small team considering a purchase; the amount and business impact are modest enough for the standard service queue.","normal"
"Because the amount and business impact are modest enough for the standard service queue, could we arrange a routine demonstration for a department evaluating the product.","normal"
"Here is the context: the amount and business impact are modest enough for the standard service queue. We need help choosing between two plans for an upcoming project.","normal"
"Please send the commercial details needed for an ordinary buying decision. To set expectations, the amount and business impact are modest enough for the standard service queue.","normal"
"Please prepare a standard quote for a small team considering a purchase. A straightforward workaround is available and normal work is continuing.","normal"
"A straightforward workaround is available and normal work is continuing. Could we arrange a routine demonstration for a department evaluating the product.","normal"
"We need help choosing between two plans for an upcoming project; a straightforward workaround is available and normal work is continuing.","normal"
"Because a straightforward workaround is available and normal work is continuing, please send the commercial details needed for an ordinary buying decision.","normal"
"Here is the context: we would like it handled during the usual response window rather than escalated. Please prepare a standard quote for a small team considering a purchase.","normal"
"Could we arrange a routine demonstration for a department evaluating the product. To set expectations, we would like it handled during the usual response window rather than escalated.","normal"
"We need help choosing between two plans for an upcoming project. We would like it handled during the usual response window rather than escalated.","normal"
"We would like it handled during the usual response window rather than escalated. Please send the commercial details needed for an ordinary buying decision.","normal"
"Please prepare a standard quote for a small team considering a purchase; the change relates to routine account maintenance with no downstream dependency.","normal"
"Because the change relates to routine account maintenance with no downstream dependency, could we arrange a routine demonstration for a department evaluating the product.","normal"
"Here is the context: the change relates to routine account maintenance with no downstream dependency. We need help choosing between two plans for an upcoming project.","normal"
"Please send the commercial details needed for an ordinary buying decision. To set expectations, the change relates to routine account maintenance with no downstream dependency.","normal"
"Please prepare a standard quote for a small team considering a purchase. The customer needs a real correction, but waiting a few business days causes no harm.","normal"
"The customer needs a real correction, but waiting a few business days causes no harm. Could we arrange a routine demonstration for a department evaluating the product.","normal"
"We need help choosing between two plans for an upcoming project; the customer needs a real correction, but waiting a few business days causes no harm.","normal"
"Because the customer needs a real correction, but waiting a few business days causes no harm, please send the commercial details needed for an ordinary buying decision.","normal"
"Here is the context: one small team is involved, and the rest of the organization is unaffected. Please prepare a standard quote for a small team considering a purchase.","normal"
"Could we arrange a routine demonstration for a department evaluating the product. To set expectations, one small team is involved, and the rest of the organization is unaffected.","normal"
"We need help choosing between two plans for an upcoming project. One small team is involved, and the rest of the organization is unaffected.","normal"
"One small team is involved, and the rest of the organization is unaffected. Please send the commercial details needed for an ordinary buying decision.","normal"
"Please prepare a standard quote for a small team considering a purchase; there is plenty of time before the next billing or contract milestone.","normal"
"Because there is plenty of time before the next billing or contract milestone, could we arrange a routine demonstration for a department evaluating the product.","normal"
"Here is the context: there is plenty of time before the next billing or contract milestone. We need help choosing between two plans for an upcoming project.","normal"
"Please send the commercial details needed for an ordinary buying decision. To set expectations, there is plenty of time before the next billing or contract milestone.","normal"
"Please prepare a standard quote for a small team considering a purchase. The issue is inconvenient but has not interrupted any important process.","normal"
"The issue is inconvenient but has not interrupted any important process. Could we arrange a routine demonstration for a department evaluating the product.","normal"
"We need help choosing between two plans for an upcoming project; the issue is inconvenient but has not interrupted any important process.","normal"
"Because the issue is inconvenient but has not interrupted any important process, please send the commercial details needed for an ordinary buying decision.","normal"
"Here is the context: this follows the normal customer-service process and has no exceptional consequence. Please prepare a standard quote for a small team considering a purchase.","normal"
"Could we arrange a routine demonstration for a department evaluating the product. To set expectations, this follows the normal customer-service process and has no exceptional consequence.","normal"
"We need help choosing between two plans for an upcoming project. This follows the normal customer-service process and has no exceptional consequence.","normal"
"This follows the normal customer-service process and has no exceptional consequence. Please send the commercial details needed for an ordinary buying decision.","normal"
"Please restore a feature that has stopped working for one account; this is an active request for one ordinary account with no approaching deadline.","normal"
"Because this is an active request for one ordinary account with no approaching deadline, could you help a single colleague regain access to their workspace.","normal"
"Here is the context: this is an active request for one ordinary account with no approaching deadline. We need guidance correcting a routine configuration problem.","normal"
"Please investigate an intermittent error that has a simple workaround. To set expectations, this is an active request for one ordinary account with no approaching deadline.","normal"
"Please restore a feature that has stopped working for one account. Only one person is affected, and colleagues can handle their tasks in the meantime.","normal"
"Only one person is affected, and colleagues can handle their tasks in the meantime. Could you help a single colleague regain access to their workspace.","normal"
"We need guidance correcting a routine configuration problem; only one person is affected, and colleagues can handle their tasks in the meantime.","normal"
"Because only one person is affected, and colleagues can handle their tasks in the meantime, please investigate an intermittent error that has a simple workaround.","normal"
"Here is the context: the amount and business impact are modest enough for the standard service queue. Please restore a feature that has stopped working for one account.","normal"
"Could you help a single colleague regain access to their workspace. To set expectations, the amount and business impact are modest enough for the standard service queue.","normal"
"We need guidance correcting a routine configuration problem. The amount and business impact are modest enough for the standard service queue.","normal"
"The amount and business impact are modest enough for the standard service queue. Please investigate an intermittent error that has a simple workaround.","normal"
"Please restore a feature that has stopped working for one account; a straightforward workaround is available and normal work is continuing.","normal"
"Because a straightforward workaround is available and normal work is continuing, could you help a single colleague regain access to their workspace.","normal"
"Here is the context: a straightforward workaround is available and normal work is continuing. We need guidance correcting a routine configuration problem.","normal"
"Please investigate an intermittent error that has a simple workaround. To set expectations, a straightforward workaround is available and normal work is continuing.","normal"
"Please restore a feature that has stopped working for one account. We would like it handled during the usual response window rather than escalated.","normal"
"We would like it handled during the usual response window rather than escalated. Could you help a single colleague regain access to their workspace.","normal"
"We need guidance correcting a routine configuration problem; we would like it handled during the usual response window rather than escalated.","normal"
"Because we would like it handled during the usual response window rather than escalated, please investigate an intermittent error that has a simple workaround.","normal"
"Here is the context: the change relates to routine account maintenance with no downstream dependency. Please restore a feature that has stopped working for one account.","normal"
"Could you help a single colleague regain access to their workspace. To set expectations, the change relates to routine account maintenance with no downstream dependency.","normal"
"We need guidance correcting a routine configuration problem. The change relates to routine account maintenance with no downstream dependency.","normal"
"The change relates to routine account maintenance with no downstream dependency. Please investigate an intermittent error that has a simple workaround.","normal"
"Please restore a feature that has stopped working for one account; the customer needs a real correction, but waiting a few business days causes no harm.","normal"
"Because the customer needs a real correction, but waiting a few business days causes no harm, could you help a single colleague regain access to their workspace.","normal"
"Here is the context: the customer needs a real correction, but waiting a few business days causes no harm. We need guidance correcting a routine configuration problem.","normal"
"Please investigate an intermittent error that has a simple workaround. To set expectations, the customer needs a real correction, but waiting a few business days causes no harm.","normal"
"Please restore a feature that has stopped working for one account. One small team is involved, and the rest of the organization is unaffected.","normal"
"One small team is involved, and the rest of the organization is unaffected. Could you help a single colleague regain access to their workspace.","normal"
"We need guidance correcting a routine configuration problem; one small team is involved, and the rest of the organization is unaffected.","normal"
"Because one small team is involved, and the rest of the organization is unaffected, please investigate an intermittent error that has a simple workaround.","normal"
"Here is the context: there is plenty of time before the next billing or contract milestone. Please restore a feature that has stopped working for one account.","normal"
"Could you help a single colleague regain access to their workspace. To set expectations, there is plenty of time before the next billing or contract milestone.","normal"
"We need guidance correcting a routine configuration problem. There is plenty of time before the next billing or contract milestone.","normal"
"There is plenty of time before the next billing or contract milestone. Please investigate an intermittent error that has a simple workaround.","normal"
"Please restore a feature that has stopped working for one account; the issue is inconvenient but has not interrupted any important process.","normal"
"Because the issue is inconvenient but has not interrupted any important process, could you help a single colleague regain access to their workspace.","normal"
"Here is the context: the issue is inconvenient but has not interrupted any important process. We need guidance correcting a routine configuration problem.","normal"
"Please investigate an intermittent error that has a simple workaround. To set expectations, the issue is inconvenient but has not interrupted any important process.","normal"
"Please restore a feature that has stopped working for one account. This follows the normal customer-service process and has no exceptional consequence.","normal"
"This follows the normal customer-service process and has no exceptional consequence. Could you help a single colleague regain access to their workspace.","normal"
"We need guidance correcting a routine configuration problem; this follows the normal customer-service process and has no exceptional consequence.","normal"
"Because this follows the normal customer-service process and has no exceptional consequence, please investigate an intermittent error that has a simple workaround.","normal"
"Here is the context: this is an active request for one ordinary account with no approaching deadline. Please update the contact details used on our next invoice.","normal"
"Could you send a receipt for a recently completed payment. To set expectations, this is an active request for one ordinary account with no approaching deadline.","normal"
"We need an explanation of one unfamiliar but modest charge. This is an active request for one ordinary account with no approaching deadline.","normal"
"This is an active request for one ordinary account with no approaching deadline. Please help reconcile a card entry with the appropriate billing document.","normal"
"Please update the contact details used on our next invoice; only one person is affected, and colleagues can handle their tasks in the meantime.","normal"
"Because only one person is affected, and colleagues can handle their tasks in the meantime, could you send a receipt for a recently completed payment.","normal"
"Here is the context: only one person is affected, and colleagues can handle their tasks in the meantime. We need an explanation of one unfamiliar but modest charge.","normal"
"Please help reconcile a card entry with the appropriate billing document. To set expectations, only one person is affected, and colleagues can handle their tasks in the meantime.","normal"
"Please update the contact details used on our next invoice. The amount and business impact are modest enough for the standard service queue.","normal"
"The amount and business impact are modest enough for the standard service queue. Could you send a receipt for a recently completed payment.","normal"
"We need an explanation of one unfamiliar but modest charge; the amount and business impact are modest enough for the standard service queue.","normal"
"Because the amount and business impact are modest enough for the standard service queue, please help reconcile a card entry with the appropriate billing document.","normal"
"Here is the context: a straightforward workaround is available and normal work is continuing. Please update the contact details used on our next invoice.","normal"
"Could you send a receipt for a recently completed payment. To set expectations, a straightforward workaround is available and normal work is continuing.","normal"
"We need an explanation of one unfamiliar but modest charge. A straightforward workaround is available and normal work is continuing.","normal"
"A straightforward workaround is available and normal work is continuing. Please help reconcile a card entry with the appropriate billing document.","normal"
"Please update the contact details used on our next invoice; we would like it handled during the usual response window rather than escalated.","normal"
"Because we would like it handled during the usual response window rather than escalated, could you send a receipt for a recently completed payment.","normal"
"Here is the context: we would like it handled during the usual response window rather than escalated. We need an explanation of one unfamiliar but modest charge.","normal"
"Please help reconcile a card entry with the appropriate billing document. To set expectations, we would like it handled during the usual response window rather than escalated.","normal"
"Please update the contact details used on our next invoice. The change relates to routine account maintenance with no downstream dependency.","normal"
"The change relates to routine account maintenance with no downstream dependency. Could you send a receipt for a recently completed payment.","normal"
"We need an explanation of one unfamiliar but modest charge; the change relates to routine account maintenance with no downstream dependency.","normal"
"Because the change relates to routine account maintenance with no downstream dependency, please help reconcile a card entry with the appropriate billing document.","normal"
"Here is the context: the customer needs a real correction, but waiting a few business days causes no harm. Please update the contact details used on our next invoice.","normal"
"Could you send a receipt for a recently completed payment. To set expectations, the customer needs a real correction, but waiting a few business days causes no harm.","normal"
"We need an explanation of one unfamiliar but modest charge. The customer needs a real correction, but waiting a few business days causes no harm.","normal"
"The customer needs a real correction, but waiting a few business days causes no harm. Please help reconcile a card entry with the appropriate billing document.","normal"
"Please update the contact details used on our next invoice; one small team is involved, and the rest of the organization is unaffected.","normal"
"Because one small team is involved, and the rest of the organization is unaffected, could you send a receipt for a recently completed payment.","normal"
"Here is the context: one small team is involved, and the rest of the organization is unaffected. We need an explanation of one unfamiliar but modest charge.","normal"
"Please help reconcile a card entry with the appropriate billing document. To set expectations, one small team is involved, and the rest of the organization is unaffected.","normal"
"Please update the contact details used on our next invoice. There is plenty of time before the next billing or contract milestone.","normal"
"There is plenty of time before the next billing or contract milestone. Could you send a receipt for a recently completed payment.","normal"
"We need an explanation of one unfamiliar but modest charge; there is plenty of time before the next billing or contract milestone.","normal"
"Because there is plenty of time before the next billing or contract milestone, please help reconcile a card entry with the appropriate billing document.","normal"
"Here is the context: the issue is inconvenient but has not interrupted any important process. Please update the contact details used on our next invoice.","normal"
"Could you send a receipt for a recently completed payment. To set expectations, the issue is inconvenient but has not interrupted any important process.","normal"
"We need an explanation of one unfamiliar but modest charge. The issue is inconvenient but has not interrupted any important process.","normal"
"The issue is inconvenient but has not interrupted any important process. Please help reconcile a card entry with the appropriate billing document.","normal"
"Please update the contact details used on our next invoice; this follows the normal customer-service process and has no exceptional consequence.","normal"
"Because this follows the normal customer-service process and has no exceptional consequence, could you send a receipt for a recently completed payment.","normal"
"Here is the context: this follows the normal customer-service process and has no exceptional consequence. We need an explanation of one unfamiliar but modest charge.","normal"
"Please help reconcile a card entry with the appropriate billing document. To set expectations, this follows the normal customer-service process and has no exceptional consequence.","normal"
"Please return one small duplicate payment through the standard process. This is an active request for one ordinary account with no approaching deadline.","normal"
"This is an active request for one ordinary account with no approaching deadline. Could you reverse an accidental add-on purchase made this week.","normal"
"We would like reimbursement for an unused portion of a routine order; this is an active request for one ordinary account with no approaching deadline.","normal"
"Because this is an active request for one ordinary account with no approaching deadline, please provide an update on a recently approved repayment.","normal"
"Here is the context: only one person is affected, and colleagues can handle their tasks in the meantime. Please return one small duplicate payment through the standard process.","normal"
"Could you reverse an accidental add-on purchase made this week. To set expectations, only one person is affected, and colleagues can handle their tasks in the meantime.","normal"
"We would like reimbursement for an unused portion of a routine order. Only one person is affected, and colleagues can handle their tasks in the meantime.","normal"
"Only one person is affected, and colleagues can handle their tasks in the meantime. Please provide an update on a recently approved repayment.","normal"
"Please return one small duplicate payment through the standard process; the amount and business impact are modest enough for the standard service queue.","normal"
"Because the amount and business impact are modest enough for the standard service queue, could you reverse an accidental add-on purchase made this week.","normal"
"Here is the context: the amount and business impact are modest enough for the standard service queue. We would like reimbursement for an unused portion of a routine order.","normal"
"Please provide an update on a recently approved repayment. To set expectations, the amount and business impact are modest enough for the standard service queue.","normal"
"Please return one small duplicate payment through the standard process. A straightforward workaround is available and normal work is continuing.","normal"
"A straightforward workaround is available and normal work is continuing. Could you reverse an accidental add-on purchase made this week.","normal"
"We would like reimbursement for an unused portion of a routine order; a straightforward workaround is available and normal work is continuing.","normal"
"Because a straightforward workaround is available and normal work is continuing, please provide an update on a recently approved repayment.","normal"
"Here is the context: we would like it handled during the usual response window rather than escalated. Please return one small duplicate payment through the standard process.","normal"
"Could you reverse an accidental add-on purchase made this week. To set expectations, we would like it handled during the usual response window rather than escalated.","normal"
"We would like reimbursement for an unused portion of a routine order. We would like it handled during the usual response window rather than escalated.","normal"
"We would like it handled during the usual response window rather than escalated. Please provide an update on a recently approved repayment.","normal"
"Please return one small duplicate payment through the standard process; the change relates to routine account maintenance with no downstream dependency.","normal"
"Because the change relates to routine account maintenance with no downstream dependency, could you reverse an accidental add-on purchase made this week.","normal"
"Here is the context: the change relates to routine account maintenance with no downstream dependency. We would like reimbursement for an unused portion of a routine order.","normal"
"Please provide an update on a recently approved repayment. To set expectations, the change relates to routine account maintenance with no downstream dependency.","normal"
"Please return one small duplicate payment through the standard process. The customer needs a real correction, but waiting a few business days causes no harm.","normal"
"The customer needs a real correction, but waiting a few business days causes no harm. Could you reverse an accidental add-on purchase made this week.","normal"
"We would like reimbursement for an unused portion of a routine order; the customer needs a real correction, but waiting a few business days causes no harm.","normal"
"Because the customer needs a real correction, but waiting a few business days causes no harm, please provide an update on a recently approved repayment.","normal"
"Here is the context: one small team is involved, and the rest of the organization is unaffected. Please return one small duplicate payment through the standard process.","normal"
"Could you reverse an accidental add-on purchase made this week. To set expectations, one small team is involved, and the rest of the organization is unaffected.","normal"
"We would like reimbursement for an unused portion of a routine order. One small team is involved, and the rest of the organization is unaffected.","normal"
"One small team is involved, and the rest of the organization is unaffected. Please provide an update on a recently approved repayment.","normal"
"Please return one small duplicate payment through the standard process; there is plenty of time before the next billing or contract milestone.","normal"
"Because there is plenty of time before the next billing or contract milestone, could you reverse an accidental add-on purchase made this week.","normal"
"Here is the context: there is plenty of time before the next billing or contract milestone. We would like reimbursement for an unused portion of a routine order.","normal"
"Please provide an update on a recently approved repayment. To set expectations, there is plenty of time before the next billing or contract milestone.","normal"
"Please return one small duplicate payment through the standard process. The issue is inconvenient but has not interrupted any important process.","normal"
"The issue is inconvenient but has not interrupted any important process. Could you reverse an accidental add-on purchase made this week.","normal"
"We would like reimbursement for an unused portion of a routine order; the issue is inconvenient but has not interrupted any important process.","normal"
"Because the issue is inconvenient but has not interrupted any important process, please provide an update on a recently approved repayment.","normal"
"Here is the context: this follows the normal customer-service process and has no exceptional consequence. Please return one small duplicate payment through the standard process.","normal"
"Could you reverse an accidental add-on purchase made this week. To set expectations, this follows the normal customer-service process and has no exceptional consequence.","normal"
"We would like reimbursement for an unused portion of a routine order. This follows the normal customer-service process and has no exceptional consequence.","normal"
"This follows the normal customer-service process and has no exceptional consequence. Please provide an update on a recently approved repayment.","normal"
"Please end an unused monthly plan when its current period finishes; this is an active request for one ordinary account with no approaching deadline.","normal"
"Because this is an active request for one ordinary account with no approaching deadline, could you remove one optional product at the next regular renewal.","normal"
"Here is the context: this is an active request for one ordinary account with no approaching deadline. We want to close a secondary workspace while retaining the main account.","normal"
"Please schedule a routine downgrade for the end of the billing cycle. To set expectations, this is an active request for one ordinary account with no approaching deadline.","normal"
"Please end an unused monthly plan when its current period finishes. Only one person is affected, and colleagues can handle their tasks in the meantime.","normal"
"Only one person is affected, and colleagues can handle their tasks in the meantime. Could you remove one optional product at the next regular renewal.","normal"
"We want to close a secondary workspace while retaining the main account; only one person is affected, and colleagues can handle their tasks in the meantime.","normal"
"Because only one person is affected, and colleagues can handle their tasks in the meantime, please schedule a routine downgrade for the end of the billing cycle.","normal"
"Here is the context: the amount and business impact are modest enough for the standard service queue. Please end an unused monthly plan when its current period finishes.","normal"
"Could you remove one optional product at the next regular renewal. To set expectations, the amount and business impact are modest enough for the standard service queue.","normal"
"We want to close a secondary workspace while retaining the main account. The amount and business impact are modest enough for the standard service queue.","normal"
"The amount and business impact are modest enough for the standard service queue. Please schedule a routine downgrade for the end of the billing cycle.","normal"
"Please end an unused monthly plan when its current period finishes; a straightforward workaround is available and normal work is continuing.","normal"
"Because a straightforward workaround is available and normal work is continuing, could you remove one optional product at the next regular renewal.","normal"
"Here is the context: a straightforward workaround is available and normal work is continuing. We want to close a secondary workspace while retaining the main account.","normal"
"Please schedule a routine downgrade for the end of the billing cycle. To set expectations, a straightforward workaround is available and normal work is continuing.","normal"
"Please end an unused monthly plan when its current period finishes. We would like it handled during the usual response window rather than escalated.","normal"
"We would like it handled during the usual response window rather than escalated. Could you remove one optional product at the next regular renewal.","normal"
"We want to close a secondary workspace while retaining the main account; we would like it handled during the usual response window rather than escalated.","normal"
"Because we would like it handled during the usual response window rather than escalated, please schedule a routine downgrade for the end of the billing cycle.","normal"
"Here is the context: the change relates to routine account maintenance with no downstream dependency. Please end an unused monthly plan when its current period finishes.","normal"
"Could you remove one optional product at the next regular renewal. To set expectations, the change relates to routine account maintenance with no downstream dependency.","normal"
"We want to close a secondary workspace while retaining the main account. The change relates to routine account maintenance with no downstream dependency.","normal"
"The change relates to routine account maintenance with no downstream dependency. Please schedule a routine downgrade for the end of the billing cycle.","normal"
"Please end an unused monthly plan when its current period finishes; the customer needs a real correction, but waiting a few business days causes no harm.","normal"
"Because the customer needs a real correction, but waiting a few business days causes no harm, could you remove one optional product at the next regular renewal.","normal"
"Here is the context: the customer needs a real correction, but waiting a few business days causes no harm. We want to close a secondary workspace while retaining the main account.","normal"
"Please schedule a routine downgrade for the end of the billing cycle. To set expectations, the customer needs a real correction, but waiting a few business days causes no harm.","normal"
"Please end an unused monthly plan when its current period finishes. One small team is involved, and the rest of the organization is unaffected.","normal"
"One small team is involved, and the rest of the organization is unaffected. Could you remove one optional product at the next regular renewal.","normal"
"We want to close a secondary workspace while retaining the main account; one small team is involved, and the rest of the organization is unaffected.","normal"
"Because one small team is involved, and the rest of the organization is unaffected, please schedule a routine downgrade for the end of the billing cycle.","normal"
"Here is the context: there is plenty of time before the next billing or contract milestone. Please end an unused monthly plan when its current period finishes.","normal"
"Could you remove one optional product at the next regular renewal. To set expectations, there is plenty of time before the next billing or contract milestone.","normal"
"We want to close a secondary workspace while retaining the main account. There is plenty of time before the next billing or contract milestone.","normal"
"There is plenty of time before the next billing or contract milestone. Please schedule a routine downgrade for the end of the billing cycle.","normal"
"Please end an unused monthly plan when its current period finishes; the issue is inconvenient but has not interrupted any important process.","normal"
"Because the issue is inconvenient but has not interrupted any important process, could you remove one optional product at the next regular renewal.","normal"
"Here is the context: the issue is inconvenient but has not interrupted any important process. We want to close a secondary workspace while retaining the main account.","normal"
"Please schedule a routine downgrade for the end of the billing cycle. To set expectations, the issue is inconvenient but has not interrupted any important process.","normal"
"Please end an unused monthly plan when its current period finishes. This follows the normal customer-service process and has no exceptional consequence.","normal"
"This follows the normal customer-service process and has no exceptional consequence. Could you remove one optional product at the next regular renewal.","normal"
"We want to close a secondary workspace while retaining the main account; this follows the normal customer-service process and has no exceptional consequence.","normal"
"Because this follows the normal customer-service process and has no exceptional consequence, please schedule a routine downgrade for the end of the billing cycle.","normal"
"We need revised pricing soon to preserve a scheduled client rollout. Several people are affected, but another team can cover the work until tomorrow.","high"
"Several people are affected, but another team can cover the work until tomorrow. Please complete the contract review before tomorrow's approval meeting.","high"
"Could you confirm capacity for a major expansion planned later this week; several people are affected, but another team can cover the work until tomorrow.","high"
"Because several people are affected, but another team can cover the work until tomorrow, we need a purchasing decision quickly because an important project is slipping.","high"
"Here is the context: a significant amount is involved, although available reserves prevent an immediate failure. We need revised pricing soon to preserve a scheduled client rollout.","high"
"Please complete the contract review before tomorrow's approval meeting. To set expectations, a significant amount is involved, although available reserves prevent an immediate failure.","high"
"Could you confirm capacity for a major expansion planned later this week. A significant amount is involved, although available reserves prevent an immediate failure.","high"
"A significant amount is involved, although available reserves prevent an immediate failure. We need a purchasing decision quickly because an important project is slipping.","high"
"We need revised pricing soon to preserve a scheduled client rollout; a decision is needed by the next business day to keep an important project on schedule.","high"
"Because a decision is needed by the next business day to keep an important project on schedule, please complete the contract review before tomorrow's approval meeting.","high"
"Here is the context: a decision is needed by the next business day to keep an important project on schedule. Could you confirm capacity for a major expansion planned later this week.","high"
"We need a purchasing decision quickly because an important project is slipping. To set expectations, a decision is needed by the next business day to keep an important project on schedule.","high"
"We need revised pricing soon to preserve a scheduled client rollout. Operations are degraded and the manual workaround is creating a growing backlog.","high"
"Operations are degraded and the manual workaround is creating a growing backlog. Please complete the contract review before tomorrow's approval meeting.","high"
"Could you confirm capacity for a major expansion planned later this week; operations are degraded and the manual workaround is creating a growing backlog.","high"
"Because operations are degraded and the manual workaround is creating a growing backlog, we need a purchasing decision quickly because an important project is slipping.","high"
"Here is the context: a key customer is affected, but service is still available through a slower alternative. We need revised pricing soon to preserve a scheduled client rollout.","high"
"Please complete the contract review before tomorrow's approval meeting. To set expectations, a key customer is affected, but service is still available through a slower alternative.","high"
"Could you confirm capacity for a major expansion planned later this week. A key customer is affected, but service is still available through a slower alternative.","high"
"A key customer is affected, but service is still available through a slower alternative. We need a purchasing decision quickly because an important project is slipping.","high"
"We need revised pricing soon to preserve a scheduled client rollout; the problem covers one department rather than the entire organization.","high"
"Because the problem covers one department rather than the entire organization, please complete the contract review before tomorrow's approval meeting.","high"
"Here is the context: the problem covers one department rather than the entire organization. Could you confirm capacity for a major expansion planned later this week.","high"
"We need a purchasing decision quickly because an important project is slipping. To set expectations, the problem covers one department rather than the entire organization.","high"
"We need revised pricing soon to preserve a scheduled client rollout. The consequence is serious and near-term, though it is not occurring in the next few hours.","high"
"The consequence is serious and near-term, though it is not occurring in the next few hours. Please complete the contract review before tomorrow's approval meeting.","high"
"Could you confirm capacity for a major expansion planned later this week; the consequence is serious and near-term, though it is not occurring in the next few hours.","high"
"Because the consequence is serious and near-term, though it is not occurring in the next few hours, we need a purchasing decision quickly because an important project is slipping.","high"
"Here is the context: work can continue today, but the temporary process cannot support another full day. We need revised pricing soon to preserve a scheduled client rollout.","high"
"Please complete the contract review before tomorrow's approval meeting. To set expectations, work can continue today, but the temporary process cannot support another full day.","high"
"Could you confirm capacity for a major expansion planned later this week. Work can continue today, but the temporary process cannot support another full day.","high"
"Work can continue today, but the temporary process cannot support another full day. We need a purchasing decision quickly because an important project is slipping.","high"
"We need revised pricing soon to preserve a scheduled client rollout; a material contract or payment is at risk later this week rather than right now.","high"
"Because a material contract or payment is at risk later this week rather than right now, please complete the contract review before tomorrow's approval meeting.","high"
"Here is the context: a material contract or payment is at risk later this week rather than right now. Could you confirm capacity for a major expansion planned later this week.","high"
"We need a purchasing decision quickly because an important project is slipping. To set expectations, a material contract or payment is at risk later this week rather than right now.","high"
"We need revised pricing soon to preserve a scheduled client rollout. Management needs a resolution soon because the issue is affecting business commitments.","high"
"Management needs a resolution soon because the issue is affecting business commitments. Please complete the contract review before tomorrow's approval meeting.","high"
"Could you confirm capacity for a major expansion planned later this week; management needs a resolution soon because the issue is affecting business commitments.","high"
"Because management needs a resolution soon because the issue is affecting business commitments, we need a purchasing decision quickly because an important project is slipping.","high"
"Here is the context: the impact justifies faster handling while a limited fallback remains usable. We need revised pricing soon to preserve a scheduled client rollout.","high"
"Please complete the contract review before tomorrow's approval meeting. To set expectations, the impact justifies faster handling while a limited fallback remains usable.","high"
"Could you confirm capacity for a major expansion planned later this week. The impact justifies faster handling while a limited fallback remains usable.","high"
"The impact justifies faster handling while a limited fallback remains usable. We need a purchasing decision quickly because an important project is slipping.","high"
"Please restore access for a department relying on a labor-intensive workaround; several people are affected, but another team can cover the work until tomorrow.","high"
"Because several people are affected, but another team can cover the work until tomorrow, a key integration is delayed and staff are manually processing the backlog.","high"
"Here is the context: several people are affected, but another team can cover the work until tomorrow. Several users have lost an important feature while other teams remain operational.","high"
"We need a failing report fixed before the next business day's executive review. To set expectations, several people are affected, but another team can cover the work until tomorrow.","high"
"Please restore access for a department relying on a labor-intensive workaround. A significant amount is involved, although available reserves prevent an immediate failure.","high"
"A significant amount is involved, although available reserves prevent an immediate failure. A key integration is delayed and staff are manually processing the backlog.","high"
"Several users have lost an important feature while other teams remain operational; a significant amount is involved, although available reserves prevent an immediate failure.","high"
"Because a significant amount is involved, although available reserves prevent an immediate failure, we need a failing report fixed before the next business day's executive review.","high"
"Here is the context: a decision is needed by the next business day to keep an important project on schedule. Please restore access for a department relying on a labor-intensive workaround.","high"
"A key integration is delayed and staff are manually processing the backlog. To set expectations, a decision is needed by the next business day to keep an important project on schedule.","high"
"Several users have lost an important feature while other teams remain operational. A decision is needed by the next business day to keep an important project on schedule.","high"
"A decision is needed by the next business day to keep an important project on schedule. We need a failing report fixed before the next business day's executive review.","high"
"Please restore access for a department relying on a labor-intensive workaround; operations are degraded and the manual workaround is creating a growing backlog.","high"
"Because operations are degraded and the manual workaround is creating a growing backlog, a key integration is delayed and staff are manually processing the backlog.","high"
"Here is the context: operations are degraded and the manual workaround is creating a growing backlog. Several users have lost an important feature while other teams remain operational.","high"
"We need a failing report fixed before the next business day's executive review. To set expectations, operations are degraded and the manual workaround is creating a growing backlog.","high"
"Please restore access for a department relying on a labor-intensive workaround. A key customer is affected, but service is still available through a slower alternative.","high"
"A key customer is affected, but service is still available through a slower alternative. A key integration is delayed and staff are manually processing the backlog.","high"
"Several users have lost an important feature while other teams remain operational; a key customer is affected, but service is still available through a slower alternative.","high"
"Because a key customer is affected, but service is still available through a slower alternative, we need a failing report fixed before the next business day's executive review.","high"
"Here is the context: the problem covers one department rather than the entire organization. Please restore access for a department relying on a labor-intensive workaround.","high"
"A key integration is delayed and staff are manually processing the backlog. To set expectations, the problem covers one department rather than the entire organization.","high"
"Several users have lost an important feature while other teams remain operational. The problem covers one department rather than the entire organization.","high"
"The problem covers one department rather than the entire organization. We need a failing report fixed before the next business day's executive review.","high"
"Please restore access for a department relying on a labor-intensive workaround; the consequence is serious and near-term, though it is not occurring in the next few hours.","high"
"Because the consequence is serious and near-term, though it is not occurring in the next few hours, a key integration is delayed and staff are manually processing the backlog.","high"
"Here is the context: the consequence is serious and near-term, though it is not occurring in the next few hours. Several users have lost an important feature while other teams remain operational.","high"
"We need a failing report fixed before the next business day's executive review. To set expectations, the consequence is serious and near-term, though it is not occurring in the next few hours.","high"
"Please restore access for a department relying on a labor-intensive workaround. Work can continue today, but the temporary process cannot support another full day.","high"
"Work can continue today, but the temporary process cannot support another full day. A key integration is delayed and staff are manually processing the backlog.","high"
"Several users have lost an important feature while other teams remain operational; work can continue today, but the temporary process cannot support another full day.","high"
"Because work can continue today, but the temporary process cannot support another full day, we need a failing report fixed before the next business day's executive review.","high"
"Here is the context: a material contract or payment is at risk later this week rather than right now. Please restore access for a department relying on a labor-intensive workaround.","high"
"A key integration is delayed and staff are manually processing the backlog. To set expectations, a material contract or payment is at risk later this week rather than right now.","high"
"Several users have lost an important feature while other teams remain operational. A material contract or payment is at risk later this week rather than right now.","high"
"A material contract or payment is at risk later this week rather than right now. We need a failing report fixed before the next business day's executive review.","high"
"Please restore access for a department relying on a labor-intensive workaround; management needs a resolution soon because the issue is affecting business commitments.","high"
"Because management needs a resolution soon because the issue is affecting business commitments, a key integration is delayed and staff are manually processing the backlog.","high"
"Here is the context: management needs a resolution soon because the issue is affecting business commitments. Several users have lost an important feature while other teams remain operational.","high"
"We need a failing report fixed before the next business day's executive review. To set expectations, management needs a resolution soon because the issue is affecting business commitments.","high"
"Please restore access for a department relying on a labor-intensive workaround. The impact justifies faster handling while a limited fallback remains usable.","high"
"The impact justifies faster handling while a limited fallback remains usable. A key integration is delayed and staff are manually processing the backlog.","high"
"Several users have lost an important feature while other teams remain operational; the impact justifies faster handling while a limited fallback remains usable.","high"
"Because the impact justifies faster handling while a limited fallback remains usable, we need a failing report fixed before the next business day's executive review.","high"
"Here is the context: several people are affected, but another team can cover the work until tomorrow. Please resolve a substantial invoice discrepancy before tomorrow's approval run.","high"
"A large payment is unmatched and is delaying finance operations. To set expectations, several people are affected, but another team can cover the work until tomorrow.","high"
"We need the replacement payment method accepted before restrictions begin tomorrow. Several people are affected, but another team can cover the work until tomorrow.","high"
"Several people are affected, but another team can cover the work until tomorrow. Please correct billing ownership before sensitive documents are issued later this week.","high"
"Please resolve a substantial invoice discrepancy before tomorrow's approval run; a significant amount is involved, although available reserves prevent an immediate failure.","high"
"Because a significant amount is involved, although available reserves prevent an immediate failure, a large payment is unmatched and is delaying finance operations.","high"
"Here is the context: a significant amount is involved, although available reserves prevent an immediate failure. We need the replacement payment method accepted before restrictions begin tomorrow.","high"
"Please correct billing ownership before sensitive documents are issued later this week. To set expectations, a significant amount is involved, although available reserves prevent an immediate failure.","high"
"Please resolve a substantial invoice discrepancy before tomorrow's approval run. A decision is needed by the next business day to keep an important project on schedule.","high"
"A decision is needed by the next business day to keep an important project on schedule. A large payment is unmatched and is delaying finance operations.","high"
"We need the replacement payment method accepted before restrictions begin tomorrow; a decision is needed by the next business day to keep an important project on schedule.","high"
"Because a decision is needed by the next business day to keep an important project on schedule, please correct billing ownership before sensitive documents are issued later this week.","high"
"Here is the context: operations are degraded and the manual workaround is creating a growing backlog. Please resolve a substantial invoice discrepancy before tomorrow's approval run.","high"
"A large payment is unmatched and is delaying finance operations. To set expectations, operations are degraded and the manual workaround is creating a growing backlog.","high"
"We need the replacement payment method accepted before restrictions begin tomorrow. Operations are degraded and the manual workaround is creating a growing backlog.","high"
"Operations are degraded and the manual workaround is creating a growing backlog. Please correct billing ownership before sensitive documents are issued later this week.","high"
"Please resolve a substantial invoice discrepancy before tomorrow's approval run; a key customer is affected, but service is still available through a slower alternative.","high"
"Because a key customer is affected, but service is still available through a slower alternative, a large payment is unmatched and is delaying finance operations.","high"
"Here is the context: a key customer is affected, but service is still available through a slower alternative. We need the replacement payment method accepted before restrictions begin tomorrow.","high"
"Please correct billing ownership before sensitive documents are issued later this week. To set expectations, a key customer is affected, but service is still available through a slower alternative.","high"
"Please resolve a substantial invoice discrepancy before tomorrow's approval run. The problem covers one department rather than the entire organization.","high"
"The problem covers one department rather than the entire organization. A large payment is unmatched and is delaying finance operations.","high"
"We need the replacement payment method accepted before restrictions begin tomorrow; the problem covers one department rather than the entire organization.","high"
"Because the problem covers one department rather than the entire organization, please correct billing ownership before sensitive documents are issued later this week.","high"
"Here is the context: the consequence is serious and near-term, though it is not occurring in the next few hours. Please resolve a substantial invoice discrepancy before tomorrow's approval run.","high"
"A large payment is unmatched and is delaying finance operations. To set expectations, the consequence is serious and near-term, though it is not occurring in the next few hours.","high"
"We need the replacement payment method accepted before restrictions begin tomorrow. The consequence is serious and near-term, though it is not occurring in the next few hours.","high"
"The consequence is serious and near-term, though it is not occurring in the next few hours. Please correct billing ownership before sensitive documents are issued later this week.","high"
"Please resolve a substantial invoice discrepancy before tomorrow's approval run; work can continue today, but the temporary process cannot support another full day.","high"
"Because work can continue today, but the temporary process cannot support another full day, a large payment is unmatched and is delaying finance operations.","high"
"Here is the context: work can continue today, but the temporary process cannot support another full day. We need the replacement payment method accepted before restrictions begin tomorrow.","high"
"Please correct billing ownership before sensitive documents are issued later this week. To set expectations, work can continue today, but the temporary process cannot support another full day.","high"
"Please resolve a substantial invoice discrepancy before tomorrow's approval run. A material contract or payment is at risk later this week rather than right now.","high"
"A material contract or payment is at risk later this week rather than right now. A large payment is unmatched and is delaying finance operations.","high"
"We need the replacement payment method accepted before restrictions begin tomorrow; a material contract or payment is at risk later this week rather than right now.","high"
"Because a material contract or payment is at risk later this week rather than right now, please correct billing ownership before sensitive documents are issued later this week.","high"
"Here is the context: management needs a resolution soon because the issue is affecting business commitments. Please resolve a substantial invoice discrepancy before tomorrow's approval run.","high"
"A large payment is unmatched and is delaying finance operations. To set expectations, management needs a resolution soon because the issue is affecting business commitments.","high"
"We need the replacement payment method accepted before restrictions begin tomorrow. Management needs a resolution soon because the issue is affecting business commitments.","high"
"Management needs a resolution soon because the issue is affecting business commitments. Please correct billing ownership before sensitive documents are issued later this week.","high"
"Please resolve a substantial invoice discrepancy before tomorrow's approval run; the impact justifies faster handling while a limited fallback remains usable.","high"
"Because the impact justifies faster handling while a limited fallback remains usable, a large payment is unmatched and is delaying finance operations.","high"
"Here is the context: the impact justifies faster handling while a limited fallback remains usable. We need the replacement payment method accepted before restrictions begin tomorrow.","high"
"Please correct billing ownership before sensitive documents are issued later this week. To set expectations, the impact justifies faster handling while a limited fallback remains usable.","high"
"Please return a significant duplicate payment that is constraining working capital. Several people are affected, but another team can cover the work until tomorrow.","high"
"Several people are affected, but another team can cover the work until tomorrow. A large accidental purchase needs reversal before this week's accounts close.","high"
"We need an approved reimbursement soon to meet an important supplier commitment; several people are affected, but another team can cover the work until tomorrow.","high"
"Because several people are affected, but another team can cover the work until tomorrow, please repay charges for many unused seats while other funds still cover operations.","high"
"Here is the context: a significant amount is involved, although available reserves prevent an immediate failure. Please return a significant duplicate payment that is constraining working capital.","high"
"A large accidental purchase needs reversal before this week's accounts close. To set expectations, a significant amount is involved, although available reserves prevent an immediate failure.","high"
"We need an approved reimbursement soon to meet an important supplier commitment. A significant amount is involved, although available reserves prevent an immediate failure.","high"
"A significant amount is involved, although available reserves prevent an immediate failure. Please repay charges for many unused seats while other funds still cover operations.","high"
"Please return a significant duplicate payment that is constraining working capital; a decision is needed by the next business day to keep an important project on schedule.","high"
"Because a decision is needed by the next business day to keep an important project on schedule, a large accidental purchase needs reversal before this week's accounts close.","high"
"Here is the context: a decision is needed by the next business day to keep an important project on schedule. We need an approved reimbursement soon to meet an important supplier commitment.","high"
"Please repay charges for many unused seats while other funds still cover operations. To set expectations, a decision is needed by the next business day to keep an important project on schedule.","high"
"Please return a significant duplicate payment that is constraining working capital. Operations are degraded and the manual workaround is creating a growing backlog.","high"
"Operations are degraded and the manual workaround is creating a growing backlog. A large accidental purchase needs reversal before this week's accounts close.","high"
"We need an approved reimbursement soon to meet an important supplier commitment; operations are degraded and the manual workaround is creating a growing backlog.","high"
"Because operations are degraded and the manual workaround is creating a growing backlog, please repay charges for many unused seats while other funds still cover operations.","high"
"Here is the context: a key customer is affected, but service is still available through a slower alternative. Please return a significant duplicate payment that is constraining working capital.","high"
"A large accidental purchase needs reversal before this week's accounts close. To set expectations, a key customer is affected, but service is still available through a slower alternative.","high"
"We need an approved reimbursement soon to meet an important supplier commitment. A key customer is affected, but service is still available through a slower alternative.","high"
"A key customer is affected, but service is still available through a slower alternative. Please repay charges for many unused seats while other funds still cover operations.","high"
"Please return a significant duplicate payment that is constraining working capital; the problem covers one department rather than the entire organization.","high"
"Because the problem covers one department rather than the entire organization, a large accidental purchase needs reversal before this week's accounts close.","high"
"Here is the context: the problem covers one department rather than the entire organization. We need an approved reimbursement soon to meet an important supplier commitment.","high"
"Please repay charges for many unused seats while other funds still cover operations. To set expectations, the problem covers one department rather than the entire organization.","high"
"Please return a significant duplicate payment that is constraining working capital. The consequence is serious and near-term, though it is not occurring in the next few hours.","high"
"The consequence is serious and near-term, though it is not occurring in the next few hours. A large accidental purchase needs reversal before this week's accounts close.","high"
"We need an approved reimbursement soon to meet an important supplier commitment; the consequence is serious and near-term, though it is not occurring in the next few hours.","high"
"Because the consequence is serious and near-term, though it is not occurring in the next few hours, please repay charges for many unused seats while other funds still cover operations.","high"
"Here is the context: work can continue today, but the temporary process cannot support another full day. Please return a significant duplicate payment that is constraining working capital.","high"
"A large accidental purchase needs reversal before this week's accounts close. To set expectations, work can continue today, but the temporary process cannot support another full day.","high"
"We need an approved reimbursement soon to meet an important supplier commitment. Work can continue today, but the temporary process cannot support another full day.","high"
"Work can continue today, but the temporary process cannot support another full day. Please repay charges for many unused seats while other funds still cover operations.","high"
"Please return a significant duplicate payment that is constraining working capital; a material contract or payment is at risk later this week rather than right now.","high"
"Because a material contract or payment is at risk later this week rather than right now, a large accidental purchase needs reversal before this week's accounts close.","high"
"Here is the context: a material contract or payment is at risk later this week rather than right now. We need an approved reimbursement soon to meet an important supplier commitment.","high"
"Please repay charges for many unused seats while other funds still cover operations. To set expectations, a material contract or payment is at risk later this week rather than right now.","high"
"Please return a significant duplicate payment that is constraining working capital. Management needs a resolution soon because the issue is affecting business commitments.","high"
"Management needs a resolution soon because the issue is affecting business commitments. A large accidental purchase needs reversal before this week's accounts close.","high"
"We need an approved reimbursement soon to meet an important supplier commitment; management needs a resolution soon because the issue is affecting business commitments.","high"
"Because management needs a resolution soon because the issue is affecting business commitments, please repay charges for many unused seats while other funds still cover operations.","high"
"Here is the context: the impact justifies faster handling while a limited fallback remains usable. Please return a significant duplicate payment that is constraining working capital.","high"
"A large accidental purchase needs reversal before this week's accounts close. To set expectations, the impact justifies faster handling while a limited fallback remains usable.","high"
"We need an approved reimbursement soon to meet an important supplier commitment. The impact justifies faster handling while a limited fallback remains usable.","high"
"The impact justifies faster handling while a limited fallback remains usable. Please repay charges for many unused seats while other funds still cover operations.","high"
"Please confirm cancellation before a costly renewal later this week; several people are affected, but another team can cover the work until tomorrow.","high"
"Because several people are affected, but another team can cover the work until tomorrow, we need one department's contract ended before its near-term transfer to another vendor.","high"
"Here is the context: several people are affected, but another team can cover the work until tomorrow. Could you stop a substantial add-on renewal due on the next business day.","high"
"Please remove access for a departing group while administrators maintain temporary control. To set expectations, several people are affected, but another team can cover the work until tomorrow.","high"
"Please confirm cancellation before a costly renewal later this week. A significant amount is involved, although available reserves prevent an immediate failure.","high"
"A significant amount is involved, although available reserves prevent an immediate failure. We need one department's contract ended before its near-term transfer to another vendor.","high"
"Could you stop a substantial add-on renewal due on the next business day; a significant amount is involved, although available reserves prevent an immediate failure.","high"
"Because a significant amount is involved, although available reserves prevent an immediate failure, please remove access for a departing group while administrators maintain temporary control.","high"
"Here is the context: a decision is needed by the next business day to keep an important project on schedule. Please confirm cancellation before a costly renewal later this week.","high"
"We need one department's contract ended before its near-term transfer to another vendor. To set expectations, a decision is needed by the next business day to keep an important project on schedule.","high"
"Could you stop a substantial add-on renewal due on the next business day. A decision is needed by the next business day to keep an important project on schedule.","high"
"A decision is needed by the next business day to keep an important project on schedule. Please remove access for a departing group while administrators maintain temporary control.","high"
"Please confirm cancellation before a costly renewal later this week; operations are degraded and the manual workaround is creating a growing backlog.","high"
"Because operations are degraded and the manual workaround is creating a growing backlog, we need one department's contract ended before its near-term transfer to another vendor.","high"
"Here is the context: operations are degraded and the manual workaround is creating a growing backlog. Could you stop a substantial add-on renewal due on the next business day.","high"
"Please remove access for a departing group while administrators maintain temporary control. To set expectations, operations are degraded and the manual workaround is creating a growing backlog.","high"
"Please confirm cancellation before a costly renewal later this week. A key customer is affected, but service is still available through a slower alternative.","high"
"A key customer is affected, but service is still available through a slower alternative. We need one department's contract ended before its near-term transfer to another vendor.","high"
"Could you stop a substantial add-on renewal due on the next business day; a key customer is affected, but service is still available through a slower alternative.","high"
"Because a key customer is affected, but service is still available through a slower alternative, please remove access for a departing group while administrators maintain temporary control.","high"
"Here is the context: the problem covers one department rather than the entire organization. Please confirm cancellation before a costly renewal later this week.","high"
"We need one department's contract ended before its near-term transfer to another vendor. To set expectations, the problem covers one department rather than the entire organization.","high"
"Could you stop a substantial add-on renewal due on the next business day. The problem covers one department rather than the entire organization.","high"
"The problem covers one department rather than the entire organization. Please remove access for a departing group while administrators maintain temporary control.","high"
"Please confirm cancellation before a costly renewal later this week; the consequence is serious and near-term, though it is not occurring in the next few hours.","high"
"Because the consequence is serious and near-term, though it is not occurring in the next few hours, we need one department's contract ended before its near-term transfer to another vendor.","high"
"Here is the context: the consequence is serious and near-term, though it is not occurring in the next few hours. Could you stop a substantial add-on renewal due on the next business day.","high"
"Please remove access for a departing group while administrators maintain temporary control. To set expectations, the consequence is serious and near-term, though it is not occurring in the next few hours.","high"
"Please confirm cancellation before a costly renewal later this week. Work can continue today, but the temporary process cannot support another full day.","high"
"Work can continue today, but the temporary process cannot support another full day. We need one department's contract ended before its near-term transfer to another vendor.","high"
"Could you stop a substantial add-on renewal due on the next business day; work can continue today, but the temporary process cannot support another full day.","high"
"Because work can continue today, but the temporary process cannot support another full day, please remove access for a departing group while administrators maintain temporary control.","high"
"Here is the context: a material contract or payment is at risk later this week rather than right now. Please confirm cancellation before a costly renewal later this week.","high"
"We need one department's contract ended before its near-term transfer to another vendor. To set expectations, a material contract or payment is at risk later this week rather than right now.","high"
"Could you stop a substantial add-on renewal due on the next business day. A material contract or payment is at risk later this week rather than right now.","high"
"A material contract or payment is at risk later this week rather than right now. Please remove access for a departing group while administrators maintain temporary control.","high"
"Please confirm cancellation before a costly renewal later this week; management needs a resolution soon because the issue is affecting business commitments.","high"
"Because management needs a resolution soon because the issue is affecting business commitments, we need one department's contract ended before its near-term transfer to another vendor.","high"
"Here is the context: management needs a resolution soon because the issue is affecting business commitments. Could you stop a substantial add-on renewal due on the next business day.","high"
"Please remove access for a departing group while administrators maintain temporary control. To set expectations, management needs a resolution soon because the issue is affecting business commitments.","high"
"Please confirm cancellation before a costly renewal later this week. The impact justifies faster handling while a limited fallback remains usable.","high"
"The impact justifies faster handling while a limited fallback remains usable. We need one department's contract ended before its near-term transfer to another vendor.","high"
"Could you stop a substantial add-on renewal due on the next business day; the impact justifies faster handling while a limited fallback remains usable.","high"
"Because the impact justifies faster handling while a limited fallback remains usable, please remove access for a departing group while administrators maintain temporary control.","high"
"We need immediate purchase authorization to support crews already responding on site. The consequence is happening now and there is no usable workaround.","urgent"
"The consequence is happening now and there is no usable workaround. Please activate additional capacity before a live public service fails.","urgent"
"A binding submission closes within the hour and cannot proceed without final terms; the consequence is happening now and there is no usable workaround.","urgent"
"Because the consequence is happening now and there is no usable workaround, we need licenses now for personnel handling a safety-critical operation.","urgent"
"Here is the context: every user in the organization is blocked from carrying out essential work. We need immediate purchase authorization to support crews already responding on site.","urgent"
"Please activate additional capacity before a live public service fails. To set expectations, every user in the organization is blocked from carrying out essential work.","urgent"
"A binding submission closes within the hour and cannot proceed without final terms. Every user in the organization is blocked from carrying out essential work.","urgent"
"Every user in the organization is blocked from carrying out essential work. We need licenses now for personnel handling a safety-critical operation.","urgent"
"We need immediate purchase authorization to support crews already responding on site; financial loss is continuing with each new transaction and has not been contained.","urgent"
"Because financial loss is continuing with each new transaction and has not been contained, please activate additional capacity before a live public service fails.","urgent"
"Here is the context: financial loss is continuing with each new transaction and has not been contained. A binding submission closes within the hour and cannot proceed without final terms.","urgent"
"We need licenses now for personnel handling a safety-critical operation. To set expectations, financial loss is continuing with each new transaction and has not been contained.","urgent"
"We need immediate purchase authorization to support crews already responding on site. Confidential information is actively exposed to people who should not see it.","urgent"
"Confidential information is actively exposed to people who should not see it. Please activate additional capacity before a live public service fails.","urgent"
"A binding submission closes within the hour and cannot proceed without final terms; confidential information is actively exposed to people who should not see it.","urgent"
"Because confidential information is actively exposed to people who should not see it, we need licenses now for personnel handling a safety-critical operation.","urgent"
"Here is the context: a critical cutoff occurs within the next hour and missing it causes irreversible harm. We need immediate purchase authorization to support crews already responding on site.","urgent"
"Please activate additional capacity before a live public service fails. To set expectations, a critical cutoff occurs within the next hour and missing it causes irreversible harm.","urgent"
"A binding submission closes within the hour and cannot proceed without final terms. A critical cutoff occurs within the next hour and missing it causes irreversible harm.","urgent"
"A critical cutoff occurs within the next hour and missing it causes irreversible harm. We need licenses now for personnel handling a safety-critical operation.","urgent"
"We need immediate purchase authorization to support crews already responding on site; live customer operations have completely stopped across all locations.","urgent"
"Because live customer operations have completely stopped across all locations, please activate additional capacity before a live public service fails.","urgent"
"Here is the context: live customer operations have completely stopped across all locations. A binding submission closes within the hour and cannot proceed without final terms.","urgent"
"We need licenses now for personnel handling a safety-critical operation. To set expectations, live customer operations have completely stopped across all locations.","urgent"
"We need immediate purchase authorization to support crews already responding on site. The failure is spreading to additional accounts while the team watches.","urgent"
"The failure is spreading to additional accounts while the team watches. Please activate additional capacity before a live public service fails.","urgent"
"A binding submission closes within the hour and cannot proceed without final terms; the failure is spreading to additional accounts while the team watches.","urgent"
"Because the failure is spreading to additional accounts while the team watches, we need licenses now for personnel handling a safety-critical operation.","urgent"
"Here is the context: safety-sensitive work cannot proceed until this is resolved. We need immediate purchase authorization to support crews already responding on site.","urgent"
"Please activate additional capacity before a live public service fails. To set expectations, safety-sensitive work cannot proceed until this is resolved.","urgent"
"A binding submission closes within the hour and cannot proceed without final terms. Safety-sensitive work cannot proceed until this is resolved.","urgent"
"Safety-sensitive work cannot proceed until this is resolved. We need licenses now for personnel handling a safety-critical operation.","urgent"
"We need immediate purchase authorization to support crews already responding on site; the remaining window is measured in minutes and no alternative process exists.","urgent"
"Because the remaining window is measured in minutes and no alternative process exists, please activate additional capacity before a live public service fails.","urgent"
"Here is the context: the remaining window is measured in minutes and no alternative process exists. A binding submission closes within the hour and cannot proceed without final terms.","urgent"
"We need licenses now for personnel handling a safety-critical operation. To set expectations, the remaining window is measured in minutes and no alternative process exists.","urgent"
"We need immediate purchase authorization to support crews already responding on site. A severe consequence will occur today unless action is taken immediately.","urgent"
"A severe consequence will occur today unless action is taken immediately. Please activate additional capacity before a live public service fails.","urgent"
"A binding submission closes within the hour and cannot proceed without final terms; a severe consequence will occur today unless action is taken immediately.","urgent"
"Because a severe consequence will occur today unless action is taken immediately, we need licenses now for personnel handling a safety-critical operation.","urgent"
"Here is the context: all available fallback systems have failed and the organization cannot continue operating. We need immediate purchase authorization to support crews already responding on site.","urgent"
"Please activate additional capacity before a live public service fails. To set expectations, all available fallback systems have failed and the organization cannot continue operating.","urgent"
"A binding submission closes within the hour and cannot proceed without final terms. All available fallback systems have failed and the organization cannot continue operating.","urgent"
"All available fallback systems have failed and the organization cannot continue operating. We need licenses now for personnel handling a safety-critical operation.","urgent"
"Restore the platform because the entire workforce is unable to perform its duties; the consequence is happening now and there is no usable workaround.","urgent"
"Because the consequence is happening now and there is no usable workaround, stop the active exposure of private records across customer accounts.","urgent"
"Here is the context: the consequence is happening now and there is no usable workaround. A production system is down everywhere and live requests cannot be processed.","urgent"
"Regain control of the workspace while an unauthorized user is extracting files. To set expectations, the consequence is happening now and there is no usable workaround.","urgent"
"Restore the platform because the entire workforce is unable to perform its duties. Every user in the organization is blocked from carrying out essential work.","urgent"
"Every user in the organization is blocked from carrying out essential work. Stop the active exposure of private records across customer accounts.","urgent"
"A production system is down everywhere and live requests cannot be processed; every user in the organization is blocked from carrying out essential work.","urgent"
"Because every user in the organization is blocked from carrying out essential work, regain control of the workspace while an unauthorized user is extracting files.","urgent"
"Here is the context: financial loss is continuing with each new transaction and has not been contained. Restore the platform because the entire workforce is unable to perform its duties.","urgent"
"Stop the active exposure of private records across customer accounts. To set expectations, financial loss is continuing with each new transaction and has not been contained.","urgent"
"A production system is down everywhere and live requests cannot be processed. Financial loss is continuing with each new transaction and has not been contained.","urgent"
"Financial loss is continuing with each new transaction and has not been contained. Regain control of the workspace while an unauthorized user is extracting files.","urgent"
"Restore the platform because the entire workforce is unable to perform its duties; confidential information is actively exposed to people who should not see it.","urgent"
"Because confidential information is actively exposed to people who should not see it, stop the active exposure of private records across customer accounts.","urgent"
"Here is the context: confidential information is actively exposed to people who should not see it. A production system is down everywhere and live requests cannot be processed.","urgent"
"Regain control of the workspace while an unauthorized user is extracting files. To set expectations, confidential information is actively exposed to people who should not see it.","urgent"
"Restore the platform because the entire workforce is unable to perform its duties. A critical cutoff occurs within the next hour and missing it causes irreversible harm.","urgent"
"A critical cutoff occurs within the next hour and missing it causes irreversible harm. Stop the active exposure of private records across customer accounts.","urgent"
"A production system is down everywhere and live requests cannot be processed; a critical cutoff occurs within the next hour and missing it causes irreversible harm.","urgent"
"Because a critical cutoff occurs within the next hour and missing it causes irreversible harm, regain control of the workspace while an unauthorized user is extracting files.","urgent"
"Here is the context: live customer operations have completely stopped across all locations. Restore the platform because the entire workforce is unable to perform its duties.","urgent"
"Stop the active exposure of private records across customer accounts. To set expectations, live customer operations have completely stopped across all locations.","urgent"
"A production system is down everywhere and live requests cannot be processed. Live customer operations have completely stopped across all locations.","urgent"
"Live customer operations have completely stopped across all locations. Regain control of the workspace while an unauthorized user is extracting files.","urgent"
"Restore the platform because the entire workforce is unable to perform its duties; the failure is spreading to additional accounts while the team watches.","urgent"
"Because the failure is spreading to additional accounts while the team watches, stop the active exposure of private records across customer accounts.","urgent"
"Here is the context: the failure is spreading to additional accounts while the team watches. A production system is down everywhere and live requests cannot be processed.","urgent"
"Regain control of the workspace while an unauthorized user is extracting files. To set expectations, the failure is spreading to additional accounts while the team watches.","urgent"
"Restore the platform because the entire workforce is unable to perform its duties. Safety-sensitive work cannot proceed until this is resolved.","urgent"
"Safety-sensitive work cannot proceed until this is resolved. Stop the active exposure of private records across customer accounts.","urgent"
"A production system is down everywhere and live requests cannot be processed; safety-sensitive work cannot proceed until this is resolved.","urgent"
"Because safety-sensitive work cannot proceed until this is resolved, regain control of the workspace while an unauthorized user is extracting files.","urgent"
"Here is the context: the remaining window is measured in minutes and no alternative process exists. Restore the platform because the entire workforce is unable to perform its duties.","urgent"
"Stop the active exposure of private records across customer accounts. To set expectations, the remaining window is measured in minutes and no alternative process exists.","urgent"
"A production system is down everywhere and live requests cannot be processed. The remaining window is measured in minutes and no alternative process exists.","urgent"
"The remaining window is measured in minutes and no alternative process exists. Regain control of the workspace while an unauthorized user is extracting files.","urgent"
"Restore the platform because the entire workforce is unable to perform its duties; a severe consequence will occur today unless action is taken immediately.","urgent"
"Because a severe consequence will occur today unless action is taken immediately, stop the active exposure of private records across customer accounts.","urgent"
"Here is the context: a severe consequence will occur today unless action is taken immediately. A production system is down everywhere and live requests cannot be processed.","urgent"
"Regain control of the workspace while an unauthorized user is extracting files. To set expectations, a severe consequence will occur today unless action is taken immediately.","urgent"
"Restore the platform because the entire workforce is unable to perform its duties. All available fallback systems have failed and the organization cannot continue operating.","urgent"
"All available fallback systems have failed and the organization cannot continue operating. Stop the active exposure of private records across customer accounts.","urgent"
"A production system is down everywhere and live requests cannot be processed; all available fallback systems have failed and the organization cannot continue operating.","urgent"
"Because all available fallback systems have failed and the organization cannot continue operating, regain control of the workspace while an unauthorized user is extracting files.","urgent"
"Here is the context: the consequence is happening now and there is no usable workaround. Stop repeated unauthorized charges that are continuing to reach the card.","urgent"
"Correct the payment failure before live service is suspended within the hour. To set expectations, the consequence is happening now and there is no usable workaround.","urgent"
"Block the active billing takeover that is exposing confidential financial documents. The consequence is happening now and there is no usable workaround.","urgent"
"The consequence is happening now and there is no usable workaround. Resolve the transaction issue now because it has halted essential operations.","urgent"
"Stop repeated unauthorized charges that are continuing to reach the card; every user in the organization is blocked from carrying out essential work.","urgent"
"Because every user in the organization is blocked from carrying out essential work, correct the payment failure before live service is suspended within the hour.","urgent"
"Here is the context: every user in the organization is blocked from carrying out essential work. Block the active billing takeover that is exposing confidential financial documents.","urgent"
"Resolve the transaction issue now because it has halted essential operations. To set expectations, every user in the organization is blocked from carrying out essential work.","urgent"
"Stop repeated unauthorized charges that are continuing to reach the card. Financial loss is continuing with each new transaction and has not been contained.","urgent"
"Financial loss is continuing with each new transaction and has not been contained. Correct the payment failure before live service is suspended within the hour.","urgent"
"Block the active billing takeover that is exposing confidential financial documents; financial loss is continuing with each new transaction and has not been contained.","urgent"
"Because financial loss is continuing with each new transaction and has not been contained, resolve the transaction issue now because it has halted essential operations.","urgent"
"Here is the context: confidential information is actively exposed to people who should not see it. Stop repeated unauthorized charges that are continuing to reach the card.","urgent"
"Correct the payment failure before live service is suspended within the hour. To set expectations, confidential information is actively exposed to people who should not see it.","urgent"
"Block the active billing takeover that is exposing confidential financial documents. Confidential information is actively exposed to people who should not see it.","urgent"
"Confidential information is actively exposed to people who should not see it. Resolve the transaction issue now because it has halted essential operations.","urgent"
"Stop repeated unauthorized charges that are continuing to reach the card; a critical cutoff occurs within the next hour and missing it causes irreversible harm.","urgent"
"Because a critical cutoff occurs within the next hour and missing it causes irreversible harm, correct the payment failure before live service is suspended within the hour.","urgent"
"Here is the context: a critical cutoff occurs within the next hour and missing it causes irreversible harm. Block the active billing takeover that is exposing confidential financial documents.","urgent"
"Resolve the transaction issue now because it has halted essential operations. To set expectations, a critical cutoff occurs within the next hour and missing it causes irreversible harm.","urgent"
"Stop repeated unauthorized charges that are continuing to reach the card. Live customer operations have completely stopped across all locations.","urgent"
"Live customer operations have completely stopped across all locations. Correct the payment failure before live service is suspended within the hour.","urgent"
"Block the active billing takeover that is exposing confidential financial documents; live customer operations have completely stopped across all locations.","urgent"
"Because live customer operations have completely stopped across all locations, resolve the transaction issue now because it has halted essential operations.","urgent"
"Here is the context: the failure is spreading to additional accounts while the team watches. Stop repeated unauthorized charges that are continuing to reach the card.","urgent"
"Correct the payment failure before live service is suspended within the hour. To set expectations, the failure is spreading to additional accounts while the team watches.","urgent"
"Block the active billing takeover that is exposing confidential financial documents. The failure is spreading to additional accounts while the team watches.","urgent"
"The failure is spreading to additional accounts while the team watches. Resolve the transaction issue now because it has halted essential operations.","urgent"
"Stop repeated unauthorized charges that are continuing to reach the card; safety-sensitive work cannot proceed until this is resolved.","urgent"
"Because safety-sensitive work cannot proceed until this is resolved, correct the payment failure before live service is suspended within the hour.","urgent"
"Here is the context: safety-sensitive work cannot proceed until this is resolved. Block the active billing takeover that is exposing confidential financial documents.","urgent"
"Resolve the transaction issue now because it has halted essential operations. To set expectations, safety-sensitive work cannot proceed until this is resolved.","urgent"
"Stop repeated unauthorized charges that are continuing to reach the card. The remaining window is measured in minutes and no alternative process exists.","urgent"
"The remaining window is measured in minutes and no alternative process exists. Correct the payment failure before live service is suspended within the hour.","urgent"
"Block the active billing takeover that is exposing confidential financial documents; the remaining window is measured in minutes and no alternative process exists.","urgent"
"Because the remaining window is measured in minutes and no alternative process exists, resolve the transaction issue now because it has halted essential operations.","urgent"
"Here is the context: a severe consequence will occur today unless action is taken immediately. Stop repeated unauthorized charges that are continuing to reach the card.","urgent"
"Correct the payment failure before live service is suspended within the hour. To set expectations, a severe consequence will occur today unless action is taken immediately.","urgent"
"Block the active billing takeover that is exposing confidential financial documents. A severe consequence will occur today unless action is taken immediately.","urgent"
"A severe consequence will occur today unless action is taken immediately. Resolve the transaction issue now because it has halted essential operations.","urgent"
"Stop repeated unauthorized charges that are continuing to reach the card; all available fallback systems have failed and the organization cannot continue operating.","urgent"
"Because all available fallback systems have failed and the organization cannot continue operating, correct the payment failure before live service is suspended within the hour.","urgent"
"Here is the context: all available fallback systems have failed and the organization cannot continue operating. Block the active billing takeover that is exposing confidential financial documents.","urgent"
"Resolve the transaction issue now because it has halted essential operations. To set expectations, all available fallback systems have failed and the organization cannot continue operating.","urgent"
"Reverse the duplicate withdrawal before today's payroll payments are rejected. The consequence is happening now and there is no usable workaround.","urgent"
"The consequence is happening now and there is no usable workaround. Return the accidental transfer that has exhausted funds needed within the hour.","urgent"
"Stop and repay transactions that continue posting after authorization was withdrawn; the consequence is happening now and there is no usable workaround.","urgent"
"Because the consequence is happening now and there is no usable workaround, process the confirmed reversal now to prevent an immediate critical payment failure.","urgent"
"Here is the context: every user in the organization is blocked from carrying out essential work. Reverse the duplicate withdrawal before today's payroll payments are rejected.","urgent"
"Return the accidental transfer that has exhausted funds needed within the hour. To set expectations, every user in the organization is blocked from carrying out essential work.","urgent"
"Stop and repay transactions that continue posting after authorization was withdrawn. Every user in the organization is blocked from carrying out essential work.","urgent"
"Every user in the organization is blocked from carrying out essential work. Process the confirmed reversal now to prevent an immediate critical payment failure.","urgent"
"Reverse the duplicate withdrawal before today's payroll payments are rejected; financial loss is continuing with each new transaction and has not been contained.","urgent"
"Because financial loss is continuing with each new transaction and has not been contained, return the accidental transfer that has exhausted funds needed within the hour.","urgent"
"Here is the context: financial loss is continuing with each new transaction and has not been contained. Stop and repay transactions that continue posting after authorization was withdrawn.","urgent"
"Process the confirmed reversal now to prevent an immediate critical payment failure. To set expectations, financial loss is continuing with each new transaction and has not been contained.","urgent"
"Reverse the duplicate withdrawal before today's payroll payments are rejected. Confidential information is actively exposed to people who should not see it.","urgent"
"Confidential information is actively exposed to people who should not see it. Return the accidental transfer that has exhausted funds needed within the hour.","urgent"
"Stop and repay transactions that continue posting after authorization was withdrawn; confidential information is actively exposed to people who should not see it.","urgent"
"Because confidential information is actively exposed to people who should not see it, process the confirmed reversal now to prevent an immediate critical payment failure.","urgent"
"Here is the context: a critical cutoff occurs within the next hour and missing it causes irreversible harm. Reverse the duplicate withdrawal before today's payroll payments are rejected.","urgent"
"Return the accidental transfer that has exhausted funds needed within the hour. To set expectations, a critical cutoff occurs within the next hour and missing it causes irreversible harm.","urgent"
"Stop and repay transactions that continue posting after authorization was withdrawn. A critical cutoff occurs within the next hour and missing it causes irreversible harm.","urgent"
"A critical cutoff occurs within the next hour and missing it causes irreversible harm. Process the confirmed reversal now to prevent an immediate critical payment failure.","urgent"
"Reverse the duplicate withdrawal before today's payroll payments are rejected; live customer operations have completely stopped across all locations.","urgent"
"Because live customer operations have completely stopped across all locations, return the accidental transfer that has exhausted funds needed within the hour.","urgent"
"Here is the context: live customer operations have completely stopped across all locations. Stop and repay transactions that continue posting after authorization was withdrawn.","urgent"
"Process the confirmed reversal now to prevent an immediate critical payment failure. To set expectations, live customer operations have completely stopped across all locations.","urgent"
"Reverse the duplicate withdrawal before today's payroll payments are rejected. The failure is spreading to additional accounts while the team watches.","urgent"
"The failure is spreading to additional accounts while the team watches. Return the accidental transfer that has exhausted funds needed within the hour.","urgent"
"Stop and repay transactions that continue posting after authorization was withdrawn; the failure is spreading to additional accounts while the team watches.","urgent"
"Because the failure is spreading to additional accounts while the team watches, process the confirmed reversal now to prevent an immediate critical payment failure.","urgent"
"Here is the context: safety-sensitive work cannot proceed until this is resolved. Reverse the duplicate withdrawal before today's payroll payments are rejected.","urgent"
"Return the accidental transfer that has exhausted funds needed within the hour. To set expectations, safety-sensitive work cannot proceed until this is resolved.","urgent"
"Stop and repay transactions that continue posting after authorization was withdrawn. Safety-sensitive work cannot proceed until this is resolved.","urgent"
"Safety-sensitive work cannot proceed until this is resolved. Process the confirmed reversal now to prevent an immediate critical payment failure.","urgent"
"Reverse the duplicate withdrawal before today's payroll payments are rejected; the remaining window is measured in minutes and no alternative process exists.","urgent"
"Because the remaining window is measured in minutes and no alternative process exists, return the accidental transfer that has exhausted funds needed within the hour.","urgent"
"Here is the context: the remaining window is measured in minutes and no alternative process exists. Stop and repay transactions that continue posting after authorization was withdrawn.","urgent"
"Process the confirmed reversal now to prevent an immediate critical payment failure. To set expectations, the remaining window is measured in minutes and no alternative process exists.","urgent"
"Reverse the duplicate withdrawal before today's payroll payments are rejected. A severe consequence will occur today unless action is taken immediately.","urgent"
"A severe consequence will occur today unless action is taken immediately. Return the accidental transfer that has exhausted funds needed within the hour.","urgent"
"Stop and repay transactions that continue posting after authorization was withdrawn; a severe consequence will occur today unless action is taken immediately.","urgent"
"Because a severe consequence will occur today unless action is taken immediately, process the confirmed reversal now to prevent an immediate critical payment failure.","urgent"
"Here is the context: all available fallback systems have failed and the organization cannot continue operating. Reverse the duplicate withdrawal before today's payroll payments are rejected.","urgent"
"Return the accidental transfer that has exhausted funds needed within the hour. To set expectations, all available fallback systems have failed and the organization cannot continue operating.","urgent"
"Stop and repay transactions that continue posting after authorization was withdrawn. All available fallback systems have failed and the organization cannot continue operating.","urgent"
"All available fallback systems have failed and the organization cannot continue operating. Process the confirmed reversal now to prevent an immediate critical payment failure.","urgent"
"Stop the large renewal scheduled to execute within the next few minutes; the consequence is happening now and there is no usable workaround.","urgent"
"Because the consequence is happening now and there is no usable workaround, close the compromised account while an unknown party is actively using it.","urgent"
"Here is the context: the consequence is happening now and there is no usable workaround. Terminate access now because confidential files are currently leaving the workspace.","urgent"
"End the service before today's cutoff triggers an irreversible contractual consequence. To set expectations, the consequence is happening now and there is no usable workaround.","urgent"
"Stop the large renewal scheduled to execute within the next few minutes. Every user in the organization is blocked from carrying out essential work.","urgent"
"Every user in the organization is blocked from carrying out essential work. Close the compromised account while an unknown party is actively using it.","urgent"
"Terminate access now because confidential files are currently leaving the workspace; every user in the organization is blocked from carrying out essential work.","urgent"
"Because every user in the organization is blocked from carrying out essential work, end the service before today's cutoff triggers an irreversible contractual consequence.","urgent"
"Here is the context: financial loss is continuing with each new transaction and has not been contained. Stop the large renewal scheduled to execute within the next few minutes.","urgent"
"Close the compromised account while an unknown party is actively using it. To set expectations, financial loss is continuing with each new transaction and has not been contained.","urgent"
"Terminate access now because confidential files are currently leaving the workspace. Financial loss is continuing with each new transaction and has not been contained.","urgent"
"Financial loss is continuing with each new transaction and has not been contained. End the service before today's cutoff triggers an irreversible contractual consequence.","urgent"
"Stop the large renewal scheduled to execute within the next few minutes; confidential information is actively exposed to people who should not see it.","urgent"
"Because confidential information is actively exposed to people who should not see it, close the compromised account while an unknown party is actively using it.","urgent"
"Here is the context: confidential information is actively exposed to people who should not see it. Terminate access now because confidential files are currently leaving the workspace.","urgent"
"End the service before today's cutoff triggers an irreversible contractual consequence. To set expectations, confidential information is actively exposed to people who should not see it.","urgent"
"Stop the large renewal scheduled to execute within the next few minutes. A critical cutoff occurs within the next hour and missing it causes irreversible harm.","urgent"
"A critical cutoff occurs within the next hour and missing it causes irreversible harm. Close the compromised account while an unknown party is actively using it.","urgent"
"Terminate access now because confidential files are currently leaving the workspace; a critical cutoff occurs within the next hour and missing it causes irreversible harm.","urgent"
"Because a critical cutoff occurs within the next hour and missing it causes irreversible harm, end the service before today's cutoff triggers an irreversible contractual consequence.","urgent"
"Here is the context: live customer operations have completely stopped across all locations. Stop the large renewal scheduled to execute within the next few minutes.","urgent"
"Close the compromised account while an unknown party is actively using it. To set expectations, live customer operations have completely stopped across all locations.","urgent"
"Terminate access now because confidential files are currently leaving the workspace. Live customer operations have completely stopped across all locations.","urgent"
"Live customer operations have completely stopped across all locations. End the service before today's cutoff triggers an irreversible contractual consequence.","urgent"
"Stop the large renewal scheduled to execute within the next few minutes; the failure is spreading to additional accounts while the team watches.","urgent"
"Because the failure is spreading to additional accounts while the team watches, close the compromised account while an unknown party is actively using it.","urgent"
"Here is the context: the failure is spreading to additional accounts while the team watches. Terminate access now because confidential files are currently leaving the workspace.","urgent"
"End the service before today's cutoff triggers an irreversible contractual consequence. To set expectations, the failure is spreading to additional accounts while the team watches.","urgent"
"Stop the large renewal scheduled to execute within the next few minutes. Safety-sensitive work cannot proceed until this is resolved.","urgent"
"Safety-sensitive work cannot proceed until this is resolved. Close the compromised account while an unknown party is actively using it.","urgent"
"Terminate access now because confidential files are currently leaving the workspace; safety-sensitive work cannot proceed until this is resolved.","urgent"
"Because safety-sensitive work cannot proceed until this is resolved, end the service before today's cutoff triggers an irreversible contractual consequence.","urgent"
"Here is the context: the remaining window is measured in minutes and no alternative process exists. Stop the large renewal scheduled to execute within the next few minutes.","urgent"
"Close the compromised account while an unknown party is actively using it. To set expectations, the remaining window is measured in minutes and no alternative process exists.","urgent"
"Terminate access now because confidential files are currently leaving the workspace. The remaining window is measured in minutes and no alternative process exists.","urgent"
"The remaining window is measured in minutes and no alternative process exists. End the service before today's cutoff triggers an irreversible contractual consequence.","urgent"
"Stop the large renewal scheduled to execute within the next few minutes; a severe consequence will occur today unless action is taken immediately.","urgent"
"Because a severe consequence will occur today unless action is taken immediately, close the compromised account while an unknown party is actively using it.","urgent"
"Here is the context: a severe consequence will occur today unless action is taken immediately. Terminate access now because confidential files are currently leaving the workspace.","urgent"
"End the service before today's cutoff triggers an irreversible contractual consequence. To set expectations, a severe consequence will occur today unless action is taken immediately.","urgent"
"Stop the large renewal scheduled to execute within the next few minutes. All available fallback systems have failed and the organization cannot continue operating.","urgent"
"All available fallback systems have failed and the organization cannot continue operating. Close the compromised account while an unknown party is actively using it.","urgent"
"Terminate access now because confidential files are currently leaving the workspace; all available fallback systems have failed and the organization cannot continue operating.","urgent"
"Because all available fallback systems have failed and the organization cannot continue operating, end the service before today's cutoff triggers an irreversible contractual consequence.","urgent"
"Someone marked this urgent, but it is only a question about colors available for a workspace we may create next year.","low"
"Whenever convenient, explain how archived invoices are numbered; nothing needs changing on our account.","low"
"The word critical appears in an old project title and wraps badly on one historical report, which remains readable.","low"
"We are gathering options for a possible expansion two years from now and have no purchasing deadline.","low"
"A retired employee's avatar is still visible in an archived thread, with no access or privacy impact.","low"
"Please document whether refunds can be issued to expired cards for our future policy guide.","low"
"ASAP would be nice, but this is simply a preference question about notification sounds.","low"
"A chart legend uses an older color order in the preview, while its values and exported image are correct.","low"
"We may cancel an unused sandbox next summer and want to understand retention options beforehand.","low"
"Our accountant is preparing next year's handbook and would like a general explanation of billing cycles.","low"
"A decorative icon is slightly blurry on my personal profile, but every feature works.","low"
"Could you send product literature for a project that has not received budget approval?","low"
"The team is curious whether old workspaces can be renamed; there is no current need to do so.","low"
"For reference, what happens to account credits if an organization closes someday?","low"
"An optional weekly summary arrived a day late, and nobody relies on it for work.","low"
"We are reviewing contract language well ahead of a renewal that is eleven months away.","low"
"The help article calls a menu Settings while our screen says Preferences; both links work.","low"
"Before any purchase, I would like to know which currencies might be supported in the future.","low"
"A test workspace created for training can wait until next quarter to be removed.","low"
"Our designer noticed two pixels of extra spacing in a sample PDF with no customer impact.","low"
"Please clarify the usual cancellation notice period for planning purposes only.","low"
"We are informally comparing vendors and will not make a decision this fiscal year.","low"
"I labeled this message important for myself, but it concerns an optional display preference.","low"
"Can you explain why a closed invoice uses the old logo? Our records are complete.","low"
"The demo account can remain as it is; I only want instructions for a later cleanup.","low"
"Please update the postal address used for routine account correspondence before next month's renewal.","normal"
"My saved dashboard view disappeared, but I can rebuild it from the team's shared filters.","normal"
"I accidentally bought an inexpensive icon pack and would like the standard return process started.","normal"
"One approval reminder stopped sending, so the coordinator is checking pending requests manually.","normal"
"One employee needs their account email changed during the normal service window.","normal"
"Please close one unused add-on after this cycle; the rest of the service stays active.","normal"
"My profile settings will not save, though this does not block any work.","normal"
"Could you correct the company address on future receipts? The current invoice has been accepted.","normal"
"I bought the wrong small template yesterday and would like an ordinary refund.","normal"
"Our five-person team wants a product demonstration sometime this month.","normal"
"One user lost access to a nonessential archive and has another copy of the files.","normal"
"The payment appears under the wrong workspace, and accounting can reconcile it after correction.","normal"
"Please remove two seats before next month's billing date.","normal"
"A routine import is delayed, but staff are entering the handful of records manually.","normal"
"The receipt download fails for me; our bookkeeper already has the transaction details.","normal"
"Please explain a routine seat adjustment on the latest statement; the total is small and already budgeted.","normal"
"Cancel the monthly plan at its regular end date; there are no immediate consequences.","normal"
"An employee's surname changed and should be updated in the workspace directory.","normal"
"The mobile app crashes on one optional report, while the web version works.","normal"
"Please send a quote for eight seats for a team starting in six weeks.","normal"
"A standard password reset is needed for one employee who can use a shared terminal meanwhile.","normal"
"One notification rule stopped firing, but colleagues are checking the queue directly.","normal"
"Our invoice needs a purchase-order reference before its due date later this month.","normal"
"We would like the main contact changed during your normal processing time.","normal"
"A small account credit is missing, with no effect on current payments or access.","normal"
"Forty warehouse staff cannot scan stock, but paper forms will keep shipments moving until tomorrow.","high"
"The finance team found a five-figure discrepancy that must be resolved before Friday's close.","high"
"Most analysts lost dashboard access; shared exports allow essential reporting to continue for one day.","high"
"A major customer launch is in two days and the required integration remains unstable.","high"
"Our renewal payment is failing and service restrictions begin tomorrow afternoon.","high"
"Several branches are processing orders manually because synchronization is hours behind.","high"
"A departing administrator owns key resources; transfer is needed before their access ends tomorrow.","high"
"The promised refund is tying up a significant part of this week's operating budget, although payroll is safe.","high"
"Fifty agents are sharing ten temporary accounts, so work continues with a growing backlog.","high"
"Procurement needs corrected contract terms by tomorrow or the scheduled rollout will slip.","high"
"A large duplicate charge reduced available cash, but reserves cover today's obligations.","high"
"The main API is degraded for one region; traffic has been rerouted with slower response times.","high"
"Customer reports are delayed and must be assembled by hand for an executive meeting tomorrow.","high"
"A permissions defect affects an entire department, which is using shared read-only exports temporarily.","high"
"Our shipping integration fails intermittently; staff can retry orders but cannot sustain this all week.","high"
"The cancellation confirmation is missing for a costly renewal scheduled in thirty hours.","high"
"We need pricing approval by tomorrow to retain the implementation slot reserved for Monday.","high"
"A data import lost recent updates for several teams, though nightly backups provide a partial workaround.","high"
"The billing total blocks release of an important supplier order due the next business day.","high"
"Access is unavailable for half the office; unaffected colleagues are covering essential requests.","high"
"Our support queue doubled because automation is down, but service has not stopped.","high"
"A substantial reimbursement delay is straining cash flow without threatening immediate payments.","high"
"The contract must be ended before tomorrow evening to avoid another annual term.","high"
"An integration used by multiple stores is unreliable, while managers use manual spreadsheets as a fallback.","high"
"The board meets tomorrow morning and still lacks the corrected commercial proposal.","high"
"Every airport desk has lost access to today's passenger manifests, with departures boarding and no paper copies available.","urgent"
"A calm heads-up: confidential records are publicly accessible and downloads are continuing.","urgent"
"Every production location has stopped taking orders because the central service is offline.","urgent"
"New unauthorized card transactions are appearing each minute and have already exhausted the limit.","urgent"
"The account controlling live warehouse equipment will be suspended in twenty minutes with no workaround.","urgent"
"A former contractor is actively exporting client files from an account they should no longer control.","urgent"
"Safety sensors across the chemical plant have stopped reporting, and operators have no alternate monitoring system.","urgent"
"No one in the company can sign in, so customer operations are completely stopped.","urgent"
"Medication dispatch cannot release today's routes while the scheduling system remains unavailable.","urgent"
"A contract worth six figures renews in ten minutes despite an accepted termination notice.","urgent"
"The outage has spread from one office to every region, and all fallback services have failed.","urgent"
"Security logs show an unknown administrator changing permissions across active customer workspaces now.","urgent"
"The checkout failure blocks emergency capacity needed for a live event already underway.","urgent"
"An automated process is issuing duplicate refunds continuously and the financial loss is increasing.","urgent"
"Production data is being overwritten in real time, and there is no usable backup to restore from.","urgent"
"Hundreds of field workers cannot receive safety instructions for the shift starting now.","urgent"
"The only system used for emergency support calls is unavailable across the organization.","urgent"
"Our legal filing closes in thirty minutes, and the inaccessible records have no alternate source.","urgent"
"A compromised integration token is currently being used to retrieve private customer information.","urgent"
"The entire fulfillment line is idle because labels cannot be generated anywhere.","urgent"
"A transfer error is draining the operating account through repeated transactions that are still posting.","urgent"
"All clinicians are locked out of the live scheduling workspace during today's appointments.","urgent"
"The service controlling building access has failed at every site with people waiting outside.","urgent"
"Customer credentials are visible in an exposed report, and the link is still publicly reachable.","urgent"
"Every available route to process payments is down during our busiest sales hour.","urgent"
"The subject says urgent because of our filing system, but I only need a brochure for a possible project next year.","low"
"If our legal name changed someday, would historical audit records show both names? No change is planned.","low"
"We are outlining a possible training program and want general information about guest permissions.","low"
"A sample dashboard uses an outdated shade of blue; it is not used by customers or staff.","low"
"For our internal notes, how would an invoice contact normally be changed if the need arose?","low"
"Nothing is broken, but I would like to understand whether canceled products remain visible in archives.","low"
"Please answer whenever convenient: can a hypothetical seasonal workspace be paused between projects?","low"
"Our roadmap labels this item critical, although it is only a question about a feature we may evaluate next year.","low"
"An optional tutorial contains a minor punctuation error and still makes sense.","low"
"We are documenting potential payment methods well before any subscription decision.","low"
"Please process a standard refund for a small accidental download; there is no deadline or wider impact.","normal"
"Change the billing contact on our active account during the usual support cycle.","normal"
"One employee needs access restored, while their regular work continues through another approved tool.","normal"
"Please cancel the unused extension at the end of this month and leave everything else unchanged.","normal"
"A routine invoice needs our updated department name before the next scheduled payment.","normal"
"The weekly export failed once, but rerunning it produced the required file.","normal"
"We need a replacement receipt for a modest purchase as part of ordinary bookkeeping.","normal"
"Please add two seats for colleagues joining in several weeks.","normal"
"A user cannot change their profile photo, and all work features remain available.","normal"
"The card on file should be replaced before its expiry later this quarter.","normal"
"This is a critical report for tomorrow's meeting, but cached figures are complete and analysts can continue from them.","high"
"Please investigate the outage affecting one division; staff have switched to the documented offline procedure.","high"
"Several stores cannot synchronize stock immediately, although managers are exchanging spreadsheets until repairs finish.","high"
"A large invoice discrepancy threatens Friday's shipment, but finance has arranged a temporary guarantee.","high"
"Half the service team lost search access and is using shared exports to handle customers more slowly.","high"
"Resolve this immediately if possible: a regional integration is degraded, with traffic successfully routed through backup servers.","high"
"The executive deadline is tomorrow and manual compilation is keeping the submission on schedule for now.","high"
"An important renewal problem affects multiple departments, but current access remains available for two more days.","high"
"The production outage is limited to one line, and work has moved to the second line at reduced capacity.","high"
"Customer onboarding is seriously delayed across a large team, though temporary accounts allow priority cases to proceed.","high"
"Every distribution center has stopped receiving orders, and there is no manual intake process.","urgent"
"A quiet notification: private payroll files are visible outside the company and are being downloaded now.","urgent"
"The payment system is repeatedly sending large transfers from the operating account with no way to pause it.","urgent"
"All employees are locked out of the only workspace used to run today's customer service operation.","urgent"
"The platform controlling refrigerated storage has stopped across every site, and temperatures are rising.","urgent"
"An unknown administrator is currently deleting production records while all recovery controls are unavailable.","urgent"
"No warehouse can print dispatch documents, so the national delivery network is stationary.","urgent"
"The only identity service for the company has failed and nobody can access operational systems.","urgent"
"Confidential legal documents are exposed through a public link that remains active.","urgent"
"Automatic charges continue against thousands of customer accounts, increasing the loss each minute.","urgent"
