"text","intent"
"We are comparing options for a team of twelve and would like pricing details","sales"
"Could someone walk me through which plan would fit a growing design agency","sales"
"Please prepare a quote for an annual subscription across three offices","sales"
"I am interested in the product and want to understand what is included before deciding","sales"
"Can we arrange a demonstration for our operations and procurement teams","sales"
"Do you offer volume discounts if we purchase eighty user seats","sales"
"Our trial is ending soon and we want to discuss moving to a paid plan","sales"
"I need a proposal that I can share with our finance director","sales"
"Which package includes the integrations our evaluation team needs","sales"
"We expect to add twenty employees and need help estimating the cost","sales"
"Our company plans to launch next quarter and I would like a subscription estimate","sales"
"Can you explain the differences between the available tiers","sales"
"Please send the security overview together with commercial terms","sales"
"I would like to discuss an enterprise agreement for our international teams","sales"
"Before we sign up I need to understand the annual and monthly payment options","sales"
"We are shortlisting vendors and need product information for our review","sales"
"My manager wants a live walkthrough before approving the purchase","sales"
"Does the business package support multiple workspaces and what does it cost","sales"
"We need vendor paperwork and a formal offer for our procurement process","sales"
"I am evaluating the service for a client and would like to speak with your team","sales"
"Can we buy a small number of licenses now and expand later","sales"
"Please tell me whether implementation assistance is included with the higher tier","sales"
"Our budget has been approved and we are ready to discuss next steps","sales"
"I want to see whether your platform can handle our use case before subscribing","sales"
"I cannot sign in even after resetting my password twice","support"
"The application opens to a blank screen whenever I visit the dashboard","support"
"Our calendar integration stopped synchronizing this morning","support"
"File uploads fail at the final step with an unexpected error","support"
"Changes to my workspace settings are not being saved","support"
"The site has become extremely slow for everyone on our team","support"
"Requests to the API are returning server errors today","support"
"My data import has been stuck in processing for several hours","support"
"The password reset link says it has expired as soon as I open it","support"
"A page works in one browser but not in the browser required by our company","support"
"The export button no longer creates a file for me","support"
"My account is locked and I need help getting back in","support"
"The two-factor codes from my authenticator are being rejected","support"
"Updates made on desktop are not appearing in the mobile app","support"
"The reporting screen is unavailable and shows a loading spinner forever","support"
"A webhook keeps retrying even though our endpoint responds successfully","support"
"My teammate has the correct role but cannot edit shared records","support"
"I lost access to a workspace that I created yesterday","support"
"Could someone guide me through configuring the integration correctly","support"
"Search returns no results for records that I can see in the list","support"
"The latest update seems to have broken our saved filters","support"
"I receive an error every time I try to invite a new member","support"
"I need help restoring a document that disappeared from my workspace","support"
"The confirmation email is not arriving and I have checked spam","support"
"Please explain why two charges appear for the same subscription period; I am not requesting a refund yet","billing"
"Could you send me a copy of last month's invoice","billing"
"The payment failed even though the card is valid and has available funds","billing"
"I need to replace the card used for future payments","billing"
"Please add our tax identification number to upcoming invoices","billing"
"There is a renewal charge on the statement that I do not understand","billing"
"The company address printed on the invoice needs to be corrected","billing"
"Is it possible to pay in euros instead of dollars","billing"
"Our card expired and I want to update it before the next attempt","billing"
"Can you explain the prorated amount on the latest bill","billing"
"Where can I see the outstanding balance for our organization","billing"
"The VAT amount appears to have been calculated incorrectly","billing"
"What does this additional line item on our statement represent","billing"
"The invoice has the wrong legal company name","billing"
"Do you accept payment by bank transfer for annual accounts","billing"
"How were our account credits applied to this month's balance","billing"
"When will the system retry our unsuccessful payment","billing"
"I need to download all invoices from the current financial year","billing"
"Why was the full plan amount collected at the beginning of the term","billing"
"Our accounting team needs the invoice issued in a different currency","billing"
"Can you separate the charges for our two departments","billing"
"The billing page says we owe money but the bank transfer was completed","billing"
"Please explain how adding users affects the charge during a billing cycle","billing"
"Where can I update the email address used for receipts","billing"
"The product was not suitable for us and I would like the payment returned","refund"
"I purchased the annual option by accident and need the transaction reversed","refund"
"My approved refund has not reached the bank, so please trace when the returned funds will arrive","refund"
"I selected the wrong package during checkout and would like my money back","refund"
"We were unable to use the service and are requesting reimbursement for this month","refund"
"The event was canceled so I need the amount credited back to me","refund"
"Please reimburse the payment made while the platform was unavailable","refund"
"I submitted a return request last week but have not received the funds","refund"
"My child made this purchase without permission and I need it reversed","refund"
"I was billed after the trial despite opting out and want that amount back","refund"
"Please undo yesterday's transaction and return the funds to the same payment method","refund"
"The order was made for the wrong workspace and should be reimbursed","refund"
"I need an update on the money that was approved for return","refund"
"Could you reverse the latest payment because the service was purchased in error","refund"
"The charged amount was higher than agreed and I want the difference returned","refund"
"We did not receive the promised service and are seeking our payment back","refund"
"Please process reimbursement for the unused portion of the package","refund"
"I changed my mind immediately after checkout and would like to reverse it","refund"
"The payment went through after an error message and I need it returned","refund"
"Can you send the unused balance back rather than leaving it as account credit","refund"
"I have proof that the order was canceled and would like reimbursement","refund"
"The same purchase appears twice and one of the transactions should be returned","refund"
"We were charged for seats that were never activated and want that portion back","refund"
"I need the latest payment reversed because the subscription was opened by mistake","refund"
"Please stop our subscription when the current term finishes","cancellation"
"We no longer need the service and want to close the paid account","cancellation"
"Do not renew our plan for another year","cancellation"
"Please tell me how to end the subscription from the settings page","cancellation"
"Our company is moving to another platform and needs to discontinue this one","cancellation"
"I want to cancel the trial before any payment is taken","cancellation"
"Please terminate our agreement at the earliest available date","cancellation"
"We are shutting down this workspace and do not want future charges","cancellation"
"We have decided to leave the service; please confirm the notice period needed to end it","cancellation"
"Our project has ended so we want to discontinue all licenses","cancellation"
"Please switch off automatic renewal for this account","cancellation"
"How can I close the organization without losing access to exported data","cancellation"
"We have decided not to continue after the current month","cancellation"
"Can our annual contract be ended before its scheduled renewal","cancellation"
"We are reducing costs and need to terminate this service","cancellation"
"Please close one of our organizations while keeping the other active","cancellation"
"The business has closed and the account should not remain subscribed","cancellation"
"I would like to discontinue the package but retain our records for now","cancellation"
"Where do I submit a request to end the plan","cancellation"
"Please remove our team from the paid service at the end of the cycle","cancellation"
"We will not be using the platform next quarter and want the agreement stopped","cancellation"
"I need to know the effective date if I terminate today","cancellation"
"Our department no longer uses the tool so the subscription can be closed","cancellation"
"This account should be scheduled to close when the contract expires","cancellation"
"We are opening a second office and want a quote for adding its staff","sales"
"Our leadership team wants to compare the professional and enterprise offerings","sales"
"Could we schedule a product tour focused on the reporting features","sales"
"I am building next year's budget and need estimated subscription costs","sales"
"We need pricing for a workspace shared by employees and external contractors","sales"
"Does your commercial plan include help migrating from another provider","sales"
"Please connect me with someone who can discuss a new corporate account","sales"
"We are considering the platform for a new department and need purchase details","sales"
"Can you prepare an offer covering forty standard users and five administrators","sales"
"Our evaluation committee would like a demonstration before choosing a vendor","sales"
"What plan would suit a company that expects its usage to double","sales"
"I need licensing information to begin an internal purchasing request","sales"
"Could you outline the cost of starting with one workspace and expanding later","sales"
"We want to subscribe but first need your data processing terms and pricing","sales"
"Is there a plan designed for agencies that manage several client teams","sales"
"Please send a formal quotation for a two-year commitment","sales"
"Can we discuss commercial terms for rolling this out across our regional branches","sales"
"Our finance team approved a purchase if the product meets our integration needs","sales"
"I would like a trial walkthrough aimed at our customer service managers","sales"
"How much should we budget to give the whole department access","sales"
"We are not customers yet and want to compare monthly and yearly purchase options","sales"
"Can your sales team explain which features are included at each subscription level","sales"
"Our startup is growing quickly and we need advice on choosing an initial package","sales"
"We need a vendor proposal that covers implementation and ongoing license costs","sales"
"Could someone demonstrate how the platform would work for our approval process","sales"
"I want to purchase access for a distributed team in four countries","sales"
"What are the commercial options for consolidating several teams into one account","sales"
"Before signing an agreement we need a breakdown of user and workspace pricing","sales"
"Would you provide an estimate for a pilot followed by a company-wide rollout","sales"
"We are reviewing suppliers and would like your product brochure and rate card","sales"
"Can we talk about buying additional capacity as our customer base grows","sales"
"I need a quote that separates setup costs from recurring subscription fees","sales"
"Our board asked for a proposal showing the value of the premium package","sales"
"We want to evaluate whether the advanced security tier fits our organization","sales"
"Please arrange a call about purchasing the service for our European division","sales"
"Does the package for larger companies include a dedicated onboarding contact","sales"
"We are planning a paid rollout and want to understand the available contract lengths","sales"
"Could you price an account with occasional users as well as full-time seats","sales"
"Our nonprofit partner may purchase the tool and needs general commercial information","sales"
"We have funding for a new platform and would like to see a customized demonstration","sales"
"What would it cost to create separate workspaces under one company agreement","sales"
"I am gathering options for procurement and need a current subscription proposal","sales"
"Can we start with a paid pilot before committing all of our employees","sales"
"Our team liked the trial and wants to discuss the process for becoming a customer","sales"
"Please explain the licensing model for consultants who move between client projects","sales"
"We may need hundreds of accounts and would like to negotiate purchasing terms","sales"
"Could an adviser help us select a package before we place an order","sales"
"I need pricing that accounts for temporary staff joining during busy months","sales"
"We want to buy the analytics add-on for a new account and need a cost estimate","sales"
"Can you show our decision makers the product before the budget deadline","sales"
"Our procurement portal requires a proposal before it can create a purchase order","sales"
"We are assessing a new subscription and need to know the minimum seat commitment","sales"
"Could you explain the price difference between isolated and shared workspaces","sales"
"I would like an estimate for replacing several internal tools with your platform","sales"
"The company is interested in a partnership plan for multiple subsidiaries","sales"
"Who can help me scope a purchase for our newly formed operations group","sales"
"My profile loads but the account settings page returns an error","support"
"We kept the subscription active but nobody can open the shared workspace","support"
"The payment screen hangs before I can enter updated card details","support"
"I need help because the invoice download link opens an empty document","support"
"Our active plan disappeared from the account page after yesterday's update","support"
"Users are repeatedly signed out while they are editing records","support"
"The search field ignores filters and shows unrelated customer entries","support"
"A teammate was removed accidentally and the restore control is not working","support"
"We are not trying to close the account; we need help regaining administrator access","support"
"The workspace remains unavailable even though our subscription payment succeeded","support"
"My browser shows an error whenever I try to update the billing contact","support"
"Uploaded documents remain at zero percent and never finish processing","support"
"The integration says connected but new records are not being transferred","support"
"Our account is active and paid, yet the premium features are still locked","support"
"I cannot select any rows on the customer list after the latest release","support"
"The confirmation button does nothing when I attempt to change my email address","support"
"A report that worked yesterday now fails with a permissions message","support"
"Please help fix access for a user who already has the correct paid seat","support"
"The app displays the wrong workspace after I switch organizations","support"
"Our renewal completed normally but the service now treats the account as expired","support"
"I am seeing someone else's saved filters when I log into my own profile","support"
"The import tool rejects a valid file without explaining which row failed","support"
"We want to keep the service, but a recurring login loop is blocking the team","support"
"The card update form will not save even though every required field is filled","support"
"Customer records vanish from the list until I refresh the page","support"
"The account owner cannot assign roles to newly added employees","support"
"An automation runs twice each time a single record is created","support"
"Our dashboard is missing data from this morning and needs troubleshooting","support"
"The workspace opens on desktop but reports an unsupported error in the app","support"
"I paid the outstanding balance and need help restoring service access","support"
"The subscription should stay active; please resolve the error preventing exports","support"
"Our API token is accepted in settings but every request is denied","support"
"The profile photo upload reports success but continues showing the old image","support"
"A deleted project still appears and produces an error when opened","support"
"The billing page will not load, so I cannot view the current statement","support"
"I need technical help connecting an existing account to our identity provider","support"
"The workspace owner receives no verification code when signing in","support"
"Our plan includes the feature, but clicking it leads back to the home screen","support"
"The save control remains disabled after I complete every form field","support"
"A customer note appears in the activity feed but not on the record itself","support"
"We intend to continue our subscription and need this synchronization problem fixed","support"
"The application reports a payment error although our billing page shows paid","support"
"I cannot remove an obsolete integration because its settings page keeps crashing","support"
"Our team names are duplicated after importing the organization structure","support"
"The system times out whenever I request a large report","support"
"Please troubleshoot why invited contractors can see the workspace but not its files","support"
"The account menu is unresponsive and prevents me from reaching security settings","support"
"A scheduled export completed but no download is available","support"
"The mobile login accepts my password and then returns to the sign-in screen","support"
"We upgraded successfully but the additional user slots have not appeared","support"
"I need assistance correcting a technical error during subscription management","support"
"The activity log is showing events in the wrong chronological order","support"
"Our webhook signature validation began failing without a configuration change","support"
"The application becomes unresponsive when several attachments are opened","support"
"Please restore normal access without canceling or changing our paid plan","support"
"The help link inside the workspace leads to a missing page","support"
"Can you clarify why two card authorizations appear for one billing attempt","billing"
"The subscription remains active and I need an explanation of the latest charge","billing"
"Please update our invoice details without changing the plan or ending the account","billing"
"Which payment methods can our organization use for the next renewal","billing"
"The card was charged but the invoice still shows an unpaid balance","billing"
"I need a statement listing every payment applied to this workspace","billing"
"Why does the renewal invoice include a partial charge for an added user","billing"
"Can you move future invoices to our central accounts-payable address","billing"
"The charge is valid; I only need documentation for our expense report","billing"
"Please explain why sales tax appears on this month's subscription invoice","billing"
"Our bank declined the renewal and we need instructions for completing payment","billing"
"Can the billing account use a different company name from the workspace","billing"
"I am checking whether a pending card charge will settle or disappear","billing"
"The account should remain open while we correct its payment information","billing"
"How is the cost calculated when seats are removed halfway through a term","billing"
"Please provide the invoice number associated with this card transaction","billing"
"We received a credit note and need to understand how it affects the next bill","billing"
"Why is a canceled card still listed as the default payment method","billing"
"Our subscription changed tiers and I need a breakdown of the resulting balance","billing"
"Can we pay the outstanding invoice without enabling automatic renewal","billing"
"The total is correct but the invoice needs our department code","billing"
"I need to reconcile three charges across two company workspaces","billing"
"Does the card statement descriptor identify your company by another name","billing"
"Please explain the exchange rate used for our international subscription payment","billing"
"When does an invoice become overdue after its issue date","billing"
"The refund is already approved; I only need the corresponding credit document","billing"
"Can you resend the tax invoice to the account owner's finance team","billing"
"Our annual plan is continuing and we want quarterly invoices for internal reporting","billing"
"Why did adding an administrator create a new charge on the account","billing"
"The payment succeeded after a retry and I want to confirm only one amount settled","billing"
"Please show how promotional credit was deducted from the renewal total","billing"
"I am not requesting money back; I need the unfamiliar fee explained","billing"
"Can the next subscription charge be divided between two cards","billing"
"We need the vendor registration details printed on future invoices","billing"
"The workspace is closed, but I need a final invoice for our accounting records","billing"
"What billing period does the transaction dated Monday cover","billing"
"Our card limit blocked the annual payment; can the invoice be paid another way","billing"
"I need confirmation of the balance before our finance team sends a transfer","billing"
"The invoice lists ten seats although only eight are currently assigned","billing"
"Can you correct the postal code on an already issued billing document","billing"
"The charge should not be reversed; please tell me which account created it","billing"
"How will downgrading next month change the amount on the following invoice","billing"
"We are keeping the subscription but need automatic payment disabled","billing"
"Please identify which add-on produced the separate card transaction","billing"
"The bank transfer reference was omitted and our payment is not matched","billing"
"Can I view an itemized history of charges and account credits","billing"
"Our finance department needs proof that the renewal payment cleared","billing"
"Why was the card authorized now if the new term starts next week","billing"
"Please change the billing currency for future charges only","billing"
"The subscription is canceled correctly; I have a question about its final balance","billing"
"Can you explain whether unused seat credits roll into the next invoice","billing"
"We need separate receipts for the base plan and the optional module","billing"
"The account page shows a negative balance and I want to know how it will be applied","billing"
"Please clarify the payment schedule in our current agreement","billing"
"Our purchase order was accepted but the invoice remains marked pending","billing"
"I need help understanding the card charge before deciding whether to dispute it","billing"
"The service can stay active, but please return the second of two identical payments","refund"
"I recognize the subscription charge and want it reversed because the purchase was accidental","refund"
"Please send the payment back; updating the invoice will not resolve my request","refund"
"The account may remain open, but I need reimbursement for the unusable add-on","refund"
"Our card was billed for an extra workspace we never ordered, so return that amount","refund"
"I am requesting money back for the month when we could not access the service","refund"
"The invoice explains the fee, but the service was not delivered and we want repayment","refund"
"Please reverse one charge while leaving the other valid subscription payment untouched","refund"
"We purchased seats for the wrong department and need those funds returned","refund"
"Can you reimburse the difference caused by the incorrect subscription rate","refund"
"The plan should continue, but the unintended upgrade payment must be refunded","refund"
"I do not need a billing explanation; I need the card transaction reversed","refund"
"Please return the setup fee because onboarding never took place","refund"
"The account credit is not useful to us, so send the approved amount back to the bank","refund"
"We paid for a module that was never enabled and are seeking reimbursement","refund"
"Can the duplicate renewal payment be refunded without canceling our account","refund"
"The invoice was corrected, and now the overpaid amount should be returned","refund"
"I need the money from the failed event booking sent back to my payment method","refund"
"Our workspace can remain active; refund only the unused training package","refund"
"Please reverse the transaction made after we had already changed to the free plan","refund"
"A former employee purchased licenses without approval and we need repayment","refund"
"The charge appears on the statement twice, and one settled amount must come back","refund"
"We were promised a refund for the outage and want to know when it will arrive","refund"
"Please reimburse the annual payment because the cancellation window was honored","refund"
"The wrong card was used at checkout; return the payment so we can purchase again","refund"
"I want the unused portion paid back rather than applied to another subscription","refund"
"The support package was sold in error and its charge needs to be reversed","refund"
"Please return the deposit for the pilot that did not go ahead","refund"
"We accept the base subscription fee but request reimbursement for the extra users","refund"
"Can you send back the tax amount that was collected incorrectly","refund"
"The renewal happened after our approved opt-out, so please repay the full amount","refund"
"I need a cash refund instead of a voucher on the account","refund"
"Please reverse the add-on purchase while keeping our main workspace operational","refund"
"We were charged for premium access that never activated and want the payment returned","refund"
"The transaction was authorized, but the order was canceled and should be reimbursed","refund"
"Can you refund the card used by our old finance department","refund"
"I am asking for repayment of the fee collected during the trial","refund"
"Please return the amount for the second subscription created by mistake","refund"
"The workspace was assigned to the wrong customer and its purchase must be reversed","refund"
"We need a partial refund for the weeks when the product was unavailable","refund"
"A billing adjustment is not enough; please transfer the excess payment back","refund"
"Can you reimburse the unused licenses without changing the remaining seats","refund"
"The service did not match the agreed scope, so we are requesting our money back","refund"
"Please undo the charge for the optional feature we never selected","refund"
"The account has been closed, and the remaining prepaid balance should be returned","refund"
"I need the recent payment refunded, not merely removed from the invoice history","refund"
"Please send back the difference between the quoted price and what was collected","refund"
"We accidentally paid the same invoice from two bank accounts and need one payment returned","refund"
"Can the fee for the canceled implementation session be reimbursed","refund"
"The team still uses the platform, but the unrelated consulting charge should be refunded","refund"
"Please return the money collected from an expired card after the bank completed it","refund"
"We are requesting reimbursement for storage capacity that was never provided","refund"
"The subscription change was rolled back; now reverse its additional payment","refund"
"I want the charge credited back to the original method rather than future account credit","refund"
"Please refund the mistaken purchase while keeping our billing profile unchanged","refund"
"The vendor approved repayment, and I need the settled funds returned","refund"
"We want to keep our data but stop the paid subscription at the end of this month","cancellation"
"Please end automatic renewal while leaving the workspace accessible until expiry","cancellation"
"The payment issue is resolved, but we have decided to discontinue the account","cancellation"
"I do not need technical help; I want the service terminated","cancellation"
"Our team is moving away from the product and will not renew its annual plan","cancellation"
"Please schedule the subscription to finish after the prepaid period","cancellation"
"We need to close one paid workspace without affecting our other organization","cancellation"
"Turn off the next renewal because this department no longer uses the platform","cancellation"
"I want to stop future billing by ending the subscription, not by changing the card","cancellation"
"Please close the account once we have completed our final data export","cancellation"
"The current invoice can remain due, but no new subscription term should begin","cancellation"
"Our support problem is unrelated; we still want to terminate the paid plan","cancellation"
"Can you discontinue the add-on while keeping the base account active","cancellation"
"We have chosen another vendor and need this agreement brought to an end","cancellation"
"Please remove all paid seats when the present contract period concludes","cancellation"
"I want the workspace downgraded after this cycle so it does not renew","cancellation"
"The company is restructuring and will close this subscription next quarter","cancellation"
"Please make today the final day of our trial and do not start a paid account","cancellation"
"We need to terminate service even though the recent payment was successful","cancellation"
"Can you stop the membership while preserving read-only access to our records","cancellation"
"I am asking to end the plan, not to dispute any previous charge","cancellation"
"Please disable renewal for the account owned by our former department","cancellation"
"Our project is complete and the associated workspace subscription should finish","cancellation"
"We no longer require the extra module and want it removed from future terms","cancellation"
"Set the organization to close after employees retrieve their files","cancellation"
"We are reducing software subscriptions and have selected this one for termination","cancellation"
"Please confirm that no new billing cycle will start after the current agreement","cancellation"
"The account works correctly, but we have a business reason to discontinue it","cancellation"
"I need instructions for permanently ending the paid workspace","cancellation"
"Do not attempt the upcoming renewal; we are leaving the service","cancellation"
"We want the subscription stopped, although the user accounts can remain until month end","cancellation"
"Please terminate only the European team's plan and retain the US workspace","cancellation"
"The budget has been withdrawn, so the account must not renew","cancellation"
"I want to exit the contract at its next permitted termination date","cancellation"
"Our seasonal project ended and we no longer want ongoing paid access","cancellation"
"Please close the subscription rather than troubleshooting the unused account","cancellation"
"The organization has merged into another workspace and this plan can be discontinued","cancellation"
"Cancel future service after applying the final outstanding invoice","cancellation"
"We want to end the subscription but are not asking for past payments back","cancellation"
"Please stop the paid analytics module from renewing with the main plan","cancellation"
"The trial was useful, but we have decided not to become paying customers","cancellation"
"Our contract ends soon and we do not consent to an extension","cancellation"
"Please mark the current term as our last one with the platform","cancellation"
"I need the account scheduled for closure after the compliance archive is downloaded","cancellation"
"We cannot justify the recurring cost and want the membership ended","cancellation"
"Please discontinue service for this workspace while leaving its owner profile intact","cancellation"
"The team resolved its support issue but still plans to leave at renewal","cancellation"
"We are closing this business unit and need its subscription terminated","cancellation"
"Do not bill the replacement card because we are ending the plan instead","cancellation"
"Please remove the recurring subscription after the final contracted month","cancellation"
"The account should transition out of paid service when the current period expires","cancellation"
"We are consolidating tools and want to stop this agreement before another term","cancellation"
"I would like to terminate the organization plan without deleting exported records","cancellation"
"Please make sure the optional product does not continue into next year's contract","cancellation"
"Our leadership decided against renewal, so schedule the subscription to end","cancellation"
"We want all recurring service on this account discontinued after the notice period","cancellation"
"Could you recommend the most suitable plan and explain its price? A regional retailer is comparing platforms for its new online division.","sales"
"A regional retailer is comparing platforms for its new online division, so please prepare a quotation that separates initial and recurring costs.","sales"
"I am reaching out because a regional retailer is comparing platforms for its new online division; I would like you to arrange a demonstration tailored to our intended workflow.","sales"
"We need some help: explain the purchasing options and minimum commitment. For context, a regional retailer is comparing platforms for its new online division.","sales"
"Show how pricing changes as the number of users grows. This matters because a regional retailer is comparing platforms for its new online division.","sales"
"Would it be possible to outline what is included in the higher service levels? The situation is that a regional retailer is comparing platforms for its new online division.","sales"
"Our request is straightforward: put me in touch with someone who can discuss a new agreement. A regional retailer is comparing platforms for its new online division.","sales"
"A regional retailer is comparing platforms for its new online division. What we need now is for you to provide the information required for us to evaluate the vendor.","sales"
"Please estimate the cost of starting small and expanding later; a regional retailer is comparing platforms for its new online division.","sales"
"A quick question from our team: can you describe the commercial terms for a paid trial and full rollout? A regional retailer is comparing platforms for its new online division.","sales"
"We need some help: recommend the most suitable plan and explain its price. For context, I am choosing software for a two-person consultancy with plans to hire.","sales"
"Prepare a quotation that separates initial and recurring costs. This matters because I am choosing software for a two-person consultancy with plans to hire.","sales"
"Would it be possible to arrange a demonstration tailored to our intended workflow? The situation is that I am choosing software for a two-person consultancy with plans to hire.","sales"
"Our request is straightforward: explain the purchasing options and minimum commitment. I am choosing software for a two-person consultancy with plans to hire.","sales"
"I am choosing software for a two-person consultancy with plans to hire. What we need now is for you to show how pricing changes as the number of users grows.","sales"
"Please outline what is included in the higher service levels; I am choosing software for a two-person consultancy with plans to hire.","sales"
"A quick question from our team: can you put me in touch with someone who can discuss a new agreement? I am choosing software for a two-person consultancy with plans to hire.","sales"
"Could you provide the information required for us to evaluate the vendor? I am choosing software for a two-person consultancy with plans to hire.","sales"
"I am choosing software for a two-person consultancy with plans to hire, so please estimate the cost of starting small and expanding later.","sales"
"I am reaching out because I am choosing software for a two-person consultancy with plans to hire; I would like you to describe the commercial terms for a paid trial and full rollout.","sales"
"Our request is straightforward: recommend the most suitable plan and explain its price. Our procurement group has shortlisted three vendors for a global rollout.","sales"
"Our procurement group has shortlisted three vendors for a global rollout. What we need now is for you to prepare a quotation that separates initial and recurring costs.","sales"
"Please arrange a demonstration tailored to our intended workflow; our procurement group has shortlisted three vendors for a global rollout.","sales"
"A quick question from our team: can you explain the purchasing options and minimum commitment? Our procurement group has shortlisted three vendors for a global rollout.","sales"
"Could you show how pricing changes as the number of users grows? Our procurement group has shortlisted three vendors for a global rollout.","sales"
"Our procurement group has shortlisted three vendors for a global rollout, so please outline what is included in the higher service levels.","sales"
"I am reaching out because our procurement group has shortlisted three vendors for a global rollout; I would like you to put me in touch with someone who can discuss a new agreement.","sales"
"We need some help: provide the information required for us to evaluate the vendor. For context, our procurement group has shortlisted three vendors for a global rollout.","sales"
"Estimate the cost of starting small and expanding later. This matters because our procurement group has shortlisted three vendors for a global rollout.","sales"
"Would it be possible to describe the commercial terms for a paid trial and full rollout? The situation is that our procurement group has shortlisted three vendors for a global rollout.","sales"
"A quick question from our team: can you recommend the most suitable plan and explain its price? A nonprofit network needs one account shared across independent chapters.","sales"
"Could you prepare a quotation that separates initial and recurring costs? A nonprofit network needs one account shared across independent chapters.","sales"
"A nonprofit network needs one account shared across independent chapters, so please arrange a demonstration tailored to our intended workflow.","sales"
"I am reaching out because a nonprofit network needs one account shared across independent chapters; I would like you to explain the purchasing options and minimum commitment.","sales"
"We need some help: show how pricing changes as the number of users grows. For context, a nonprofit network needs one account shared across independent chapters.","sales"
"Outline what is included in the higher service levels. This matters because a nonprofit network needs one account shared across independent chapters.","sales"
"Would it be possible to put me in touch with someone who can discuss a new agreement? The situation is that a nonprofit network needs one account shared across independent chapters.","sales"
"Our request is straightforward: provide the information required for us to evaluate the vendor. A nonprofit network needs one account shared across independent chapters.","sales"
"A nonprofit network needs one account shared across independent chapters. What we need now is for you to estimate the cost of starting small and expanding later.","sales"
"Please describe the commercial terms for a paid trial and full rollout; a nonprofit network needs one account shared across independent chapters.","sales"
"I am reaching out because we expect usage to rise sharply during our busiest quarter; I would like you to recommend the most suitable plan and explain its price.","sales"
"We need some help: prepare a quotation that separates initial and recurring costs. For context, we expect usage to rise sharply during our busiest quarter.","sales"
"Arrange a demonstration tailored to our intended workflow. This matters because we expect usage to rise sharply during our busiest quarter.","sales"
"Would it be possible to explain the purchasing options and minimum commitment? The situation is that we expect usage to rise sharply during our busiest quarter.","sales"
"Our request is straightforward: show how pricing changes as the number of users grows. We expect usage to rise sharply during our busiest quarter.","sales"
"We expect usage to rise sharply during our busiest quarter. What we need now is for you to outline what is included in the higher service levels.","sales"
"Please put me in touch with someone who can discuss a new agreement; we expect usage to rise sharply during our busiest quarter.","sales"
"A quick question from our team: can you provide the information required for us to evaluate the vendor? We expect usage to rise sharply during our busiest quarter.","sales"
"Could you estimate the cost of starting small and expanding later? We expect usage to rise sharply during our busiest quarter.","sales"
"We expect usage to rise sharply during our busiest quarter, so please describe the commercial terms for a paid trial and full rollout.","sales"
"Would it be possible to recommend the most suitable plan and explain its price? The situation is that our current contract with another supplier ends later this year.","sales"
"Our request is straightforward: prepare a quotation that separates initial and recurring costs. Our current contract with another supplier ends later this year.","sales"
"Our current contract with another supplier ends later this year. What we need now is for you to arrange a demonstration tailored to our intended workflow.","sales"
"Please explain the purchasing options and minimum commitment; our current contract with another supplier ends later this year.","sales"
"A quick question from our team: can you show how pricing changes as the number of users grows? Our current contract with another supplier ends later this year.","sales"
"Could you outline what is included in the higher service levels? Our current contract with another supplier ends later this year.","sales"
"Our current contract with another supplier ends later this year, so please put me in touch with someone who can discuss a new agreement.","sales"
"I am reaching out because our current contract with another supplier ends later this year; I would like you to provide the information required for us to evaluate the vendor.","sales"
"We need some help: estimate the cost of starting small and expanding later. For context, our current contract with another supplier ends later this year.","sales"
"Describe the commercial terms for a paid trial and full rollout. This matters because our current contract with another supplier ends later this year.","sales"
"Please recommend the most suitable plan and explain its price; the finance director wants predictable costs before approving a purchase.","sales"
"A quick question from our team: can you prepare a quotation that separates initial and recurring costs? The finance director wants predictable costs before approving a purchase.","sales"
"Could you arrange a demonstration tailored to our intended workflow? The finance director wants predictable costs before approving a purchase.","sales"
"The finance director wants predictable costs before approving a purchase, so please explain the purchasing options and minimum commitment.","sales"
"I am reaching out because the finance director wants predictable costs before approving a purchase; I would like you to show how pricing changes as the number of users grows.","sales"
"We need some help: outline what is included in the higher service levels. For context, the finance director wants predictable costs before approving a purchase.","sales"
"Put me in touch with someone who can discuss a new agreement. This matters because the finance director wants predictable costs before approving a purchase.","sales"
"Would it be possible to provide the information required for us to evaluate the vendor? The situation is that the finance director wants predictable costs before approving a purchase.","sales"
"Our request is straightforward: estimate the cost of starting small and expanding later. The finance director wants predictable costs before approving a purchase.","sales"
"The finance director wants predictable costs before approving a purchase. What we need now is for you to describe the commercial terms for a paid trial and full rollout.","sales"
"We need separate workspaces for several client-facing project teams, so please recommend the most suitable plan and explain its price.","sales"
"I am reaching out because we need separate workspaces for several client-facing project teams; I would like you to prepare a quotation that separates initial and recurring costs.","sales"
"We need some help: arrange a demonstration tailored to our intended workflow. For context, we need separate workspaces for several client-facing project teams.","sales"
"Explain the purchasing options and minimum commitment. This matters because we need separate workspaces for several client-facing project teams.","sales"
"Would it be possible to show how pricing changes as the number of users grows? The situation is that we need separate workspaces for several client-facing project teams.","sales"
"Our request is straightforward: outline what is included in the higher service levels. We need separate workspaces for several client-facing project teams.","sales"
"We need separate workspaces for several client-facing project teams. What we need now is for you to put me in touch with someone who can discuss a new agreement.","sales"
"Please provide the information required for us to evaluate the vendor; we need separate workspaces for several client-facing project teams.","sales"
"A quick question from our team: can you estimate the cost of starting small and expanding later? We need separate workspaces for several client-facing project teams.","sales"
"Could you describe the commercial terms for a paid trial and full rollout? We need separate workspaces for several client-facing project teams.","sales"
"Recommend the most suitable plan and explain its price. This matters because an overseas subsidiary wants to adopt the same platform as headquarters.","sales"
"Would it be possible to prepare a quotation that separates initial and recurring costs? The situation is that an overseas subsidiary wants to adopt the same platform as headquarters.","sales"
"Our request is straightforward: arrange a demonstration tailored to our intended workflow. An overseas subsidiary wants to adopt the same platform as headquarters.","sales"
"An overseas subsidiary wants to adopt the same platform as headquarters. What we need now is for you to explain the purchasing options and minimum commitment.","sales"
"Please show how pricing changes as the number of users grows; an overseas subsidiary wants to adopt the same platform as headquarters.","sales"
"A quick question from our team: can you outline what is included in the higher service levels? An overseas subsidiary wants to adopt the same platform as headquarters.","sales"
"Could you put me in touch with someone who can discuss a new agreement? An overseas subsidiary wants to adopt the same platform as headquarters.","sales"
"An overseas subsidiary wants to adopt the same platform as headquarters, so please provide the information required for us to evaluate the vendor.","sales"
"I am reaching out because an overseas subsidiary wants to adopt the same platform as headquarters; I would like you to estimate the cost of starting small and expanding later.","sales"
"We need some help: describe the commercial terms for a paid trial and full rollout. For context, an overseas subsidiary wants to adopt the same platform as headquarters.","sales"
"I am evaluating tools on behalf of a newly funded small business. What we need now is for you to recommend the most suitable plan and explain its price.","sales"
"Please prepare a quotation that separates initial and recurring costs; I am evaluating tools on behalf of a newly funded small business.","sales"
"A quick question from our team: can you arrange a demonstration tailored to our intended workflow? I am evaluating tools on behalf of a newly funded small business.","sales"
"Could you explain the purchasing options and minimum commitment? I am evaluating tools on behalf of a newly funded small business.","sales"
"I am evaluating tools on behalf of a newly funded small business, so please show how pricing changes as the number of users grows.","sales"
"I am reaching out because I am evaluating tools on behalf of a newly funded small business; I would like you to outline what is included in the higher service levels.","sales"
"We need some help: put me in touch with someone who can discuss a new agreement. For context, I am evaluating tools on behalf of a newly funded small business.","sales"
"Provide the information required for us to evaluate the vendor. This matters because I am evaluating tools on behalf of a newly funded small business.","sales"
"Would it be possible to estimate the cost of starting small and expanding later? The situation is that I am evaluating tools on behalf of a newly funded small business.","sales"
"Our request is straightforward: describe the commercial terms for a paid trial and full rollout. I am evaluating tools on behalf of a newly funded small business.","sales"
"Could you recommend the most suitable plan and explain its price? Our legal team is reviewing terms before we select a subscription.","sales"
"Our legal team is reviewing terms before we select a subscription, so please prepare a quotation that separates initial and recurring costs.","sales"
"I am reaching out because our legal team is reviewing terms before we select a subscription; I would like you to arrange a demonstration tailored to our intended workflow.","sales"
"We need some help: explain the purchasing options and minimum commitment. For context, our legal team is reviewing terms before we select a subscription.","sales"
"Show how pricing changes as the number of users grows. This matters because our legal team is reviewing terms before we select a subscription.","sales"
"Would it be possible to outline what is included in the higher service levels? The situation is that our legal team is reviewing terms before we select a subscription.","sales"
"Our request is straightforward: put me in touch with someone who can discuss a new agreement. Our legal team is reviewing terms before we select a subscription.","sales"
"Our legal team is reviewing terms before we select a subscription. What we need now is for you to provide the information required for us to evaluate the vendor.","sales"
"Please estimate the cost of starting small and expanding later; our legal team is reviewing terms before we select a subscription.","sales"
"A quick question from our team: can you describe the commercial terms for a paid trial and full rollout? Our legal team is reviewing terms before we select a subscription.","sales"
"We need some help: recommend the most suitable plan and explain its price. For context, the department wants to run a limited pilot before a wider commitment.","sales"
"Prepare a quotation that separates initial and recurring costs. This matters because the department wants to run a limited pilot before a wider commitment.","sales"
"Would it be possible to arrange a demonstration tailored to our intended workflow? The situation is that the department wants to run a limited pilot before a wider commitment.","sales"
"Our request is straightforward: explain the purchasing options and minimum commitment. The department wants to run a limited pilot before a wider commitment.","sales"
"The department wants to run a limited pilot before a wider commitment. What we need now is for you to show how pricing changes as the number of users grows.","sales"
"Please outline what is included in the higher service levels; the department wants to run a limited pilot before a wider commitment.","sales"
"A quick question from our team: can you put me in touch with someone who can discuss a new agreement? The department wants to run a limited pilot before a wider commitment.","sales"
"Could you provide the information required for us to evaluate the vendor? The department wants to run a limited pilot before a wider commitment.","sales"
"The department wants to run a limited pilot before a wider commitment, so please estimate the cost of starting small and expanding later.","sales"
"I am reaching out because the department wants to run a limited pilot before a wider commitment; I would like you to describe the commercial terms for a paid trial and full rollout.","sales"
"Our request is straightforward: recommend the most suitable plan and explain its price. We have permanent employees and contractors who need different access.","sales"
"We have permanent employees and contractors who need different access. What we need now is for you to prepare a quotation that separates initial and recurring costs.","sales"
"Please arrange a demonstration tailored to our intended workflow; we have permanent employees and contractors who need different access.","sales"
"A quick question from our team: can you explain the purchasing options and minimum commitment? We have permanent employees and contractors who need different access.","sales"
"Could you show how pricing changes as the number of users grows? We have permanent employees and contractors who need different access.","sales"
"We have permanent employees and contractors who need different access, so please outline what is included in the higher service levels.","sales"
"I am reaching out because we have permanent employees and contractors who need different access; I would like you to put me in touch with someone who can discuss a new agreement.","sales"
"We need some help: provide the information required for us to evaluate the vendor. For context, we have permanent employees and contractors who need different access.","sales"
"Estimate the cost of starting small and expanding later. This matters because we have permanent employees and contractors who need different access.","sales"
"Would it be possible to describe the commercial terms for a paid trial and full rollout? The situation is that we have permanent employees and contractors who need different access.","sales"
"A quick question from our team: can you recommend the most suitable plan and explain its price? Our board is deciding whether to consolidate several existing products.","sales"
"Could you prepare a quotation that separates initial and recurring costs? Our board is deciding whether to consolidate several existing products.","sales"
"Our board is deciding whether to consolidate several existing products, so please arrange a demonstration tailored to our intended workflow.","sales"
"I am reaching out because our board is deciding whether to consolidate several existing products; I would like you to explain the purchasing options and minimum commitment.","sales"
"We need some help: show how pricing changes as the number of users grows. For context, our board is deciding whether to consolidate several existing products.","sales"
"Outline what is included in the higher service levels. This matters because our board is deciding whether to consolidate several existing products.","sales"
"Would it be possible to put me in touch with someone who can discuss a new agreement? The situation is that our board is deciding whether to consolidate several existing products.","sales"
"Our request is straightforward: provide the information required for us to evaluate the vendor. Our board is deciding whether to consolidate several existing products.","sales"
"Our board is deciding whether to consolidate several existing products. What we need now is for you to estimate the cost of starting small and expanding later.","sales"
"Please describe the commercial terms for a paid trial and full rollout; our board is deciding whether to consolidate several existing products.","sales"
"I am reaching out because a university research group is planning a multi-year project; I would like you to recommend the most suitable plan and explain its price.","sales"
"We need some help: prepare a quotation that separates initial and recurring costs. For context, a university research group is planning a multi-year project.","sales"
"Arrange a demonstration tailored to our intended workflow. This matters because a university research group is planning a multi-year project.","sales"
"Would it be possible to explain the purchasing options and minimum commitment? The situation is that a university research group is planning a multi-year project.","sales"
"Our request is straightforward: show how pricing changes as the number of users grows. A university research group is planning a multi-year project.","sales"
"A university research group is planning a multi-year project. What we need now is for you to outline what is included in the higher service levels.","sales"
"Please put me in touch with someone who can discuss a new agreement; a university research group is planning a multi-year project.","sales"
"A quick question from our team: can you provide the information required for us to evaluate the vendor? A university research group is planning a multi-year project.","sales"
"Could you estimate the cost of starting small and expanding later? A university research group is planning a multi-year project.","sales"
"A university research group is planning a multi-year project, so please describe the commercial terms for a paid trial and full rollout.","sales"
"Would it be possible to recommend the most suitable plan and explain its price? The situation is that we want to add another business unit to a future company agreement.","sales"
"Our request is straightforward: prepare a quotation that separates initial and recurring costs. We want to add another business unit to a future company agreement.","sales"
"We want to add another business unit to a future company agreement. What we need now is for you to arrange a demonstration tailored to our intended workflow.","sales"
"Please explain the purchasing options and minimum commitment; we want to add another business unit to a future company agreement.","sales"
"A quick question from our team: can you show how pricing changes as the number of users grows? We want to add another business unit to a future company agreement.","sales"
"Could you outline what is included in the higher service levels? We want to add another business unit to a future company agreement.","sales"
"We want to add another business unit to a future company agreement, so please put me in touch with someone who can discuss a new agreement.","sales"
"I am reaching out because we want to add another business unit to a future company agreement; I would like you to provide the information required for us to evaluate the vendor.","sales"
"We need some help: estimate the cost of starting small and expanding later. For context, we want to add another business unit to a future company agreement.","sales"
"Describe the commercial terms for a paid trial and full rollout. This matters because we want to add another business unit to a future company agreement.","sales"
"Please recommend the most suitable plan and explain its price; I need enough commercial detail to prepare next quarter's budget.","sales"
"A quick question from our team: can you prepare a quotation that separates initial and recurring costs? I need enough commercial detail to prepare next quarter's budget.","sales"
"Could you arrange a demonstration tailored to our intended workflow? I need enough commercial detail to prepare next quarter's budget.","sales"
"I need enough commercial detail to prepare next quarter's budget, so please explain the purchasing options and minimum commitment.","sales"
"I am reaching out because I need enough commercial detail to prepare next quarter's budget; I would like you to show how pricing changes as the number of users grows.","sales"
"We need some help: outline what is included in the higher service levels. For context, I need enough commercial detail to prepare next quarter's budget.","sales"
"Put me in touch with someone who can discuss a new agreement. This matters because I need enough commercial detail to prepare next quarter's budget.","sales"
"Would it be possible to provide the information required for us to evaluate the vendor? The situation is that I need enough commercial detail to prepare next quarter's budget.","sales"
"Our request is straightforward: estimate the cost of starting small and expanding later. I need enough commercial detail to prepare next quarter's budget.","sales"
"I need enough commercial detail to prepare next quarter's budget. What we need now is for you to describe the commercial terms for a paid trial and full rollout.","sales"
"Could you investigate the technical problem and restore normal operation? Our paid account opens normally but every shared folder appears empty.","support"
"Our paid account opens normally but every shared folder appears empty, so please help us regain access without closing or downgrading anything.","support"
"I am reaching out because our paid account opens normally but every shared folder appears empty; I would like you to identify why the feature is failing and tell us how to fix it.","support"
"We need some help: troubleshoot the account while leaving the subscription unchanged. For context, our paid account opens normally but every shared folder appears empty.","support"
"Restore the missing functionality for the affected users. This matters because our paid account opens normally but every shared folder appears empty.","support"
"Would it be possible to guide me through correcting the configuration problem? The situation is that our paid account opens normally but every shared folder appears empty.","support"
"Our request is straightforward: resolve the error so our team can continue using the workspace. Our paid account opens normally but every shared folder appears empty.","support"
"Our paid account opens normally but every shared folder appears empty. What we need now is for you to check why the expected data is not appearing.","support"
"Please help the account owner complete the blocked action; our paid account opens normally but every shared folder appears empty.","support"
"A quick question from our team: can you confirm what diagnostic information you need from us? Our paid account opens normally but every shared folder appears empty.","support"
"We need some help: investigate the technical problem and restore normal operation. For context, I can sign in to the workspace yet saving any record produces an error.","support"
"Help us regain access without closing or downgrading anything. This matters because I can sign in to the workspace yet saving any record produces an error.","support"
"Would it be possible to identify why the feature is failing and tell us how to fix it? The situation is that I can sign in to the workspace yet saving any record produces an error.","support"
"Our request is straightforward: troubleshoot the account while leaving the subscription unchanged. I can sign in to the workspace yet saving any record produces an error.","support"
"I can sign in to the workspace yet saving any record produces an error. What we need now is for you to restore the missing functionality for the affected users.","support"
"Please guide me through correcting the configuration problem; I can sign in to the workspace yet saving any record produces an error.","support"
"A quick question from our team: can you resolve the error so our team can continue using the workspace? I can sign in to the workspace yet saving any record produces an error.","support"
"Could you check why the expected data is not appearing? I can sign in to the workspace yet saving any record produces an error.","support"
"I can sign in to the workspace yet saving any record produces an error, so please help the account owner complete the blocked action.","support"
"I am reaching out because I can sign in to the workspace yet saving any record produces an error; I would like you to confirm what diagnostic information you need from us.","support"
"Our request is straightforward: investigate the technical problem and restore normal operation. The subscription is active and we want to keep it running.","support"
"The subscription is active and we want to keep it running. What we need now is for you to help us regain access without closing or downgrading anything.","support"
"Please identify why the feature is failing and tell us how to fix it; the subscription is active and we want to keep it running.","support"
"A quick question from our team: can you troubleshoot the account while leaving the subscription unchanged? The subscription is active and we want to keep it running.","support"
"Could you restore the missing functionality for the affected users? The subscription is active and we want to keep it running.","support"
"The subscription is active and we want to keep it running, so please guide me through correcting the configuration problem.","support"
"I am reaching out because the subscription is active and we want to keep it running; I would like you to resolve the error so our team can continue using the workspace.","support"
"We need some help: check why the expected data is not appearing. For context, the subscription is active and we want to keep it running.","support"
"Help the account owner complete the blocked action. This matters because the subscription is active and we want to keep it running.","support"
"Would it be possible to confirm what diagnostic information you need from us? The situation is that the subscription is active and we want to keep it running.","support"
"A quick question from our team: can you investigate the technical problem and restore normal operation? A colleague has the right role but cannot reach the project they manage.","support"
"Could you help us regain access without closing or downgrading anything? A colleague has the right role but cannot reach the project they manage.","support"
"A colleague has the right role but cannot reach the project they manage, so please identify why the feature is failing and tell us how to fix it.","support"
"I am reaching out because a colleague has the right role but cannot reach the project they manage; I would like you to troubleshoot the account while leaving the subscription unchanged.","support"
"We need some help: restore the missing functionality for the affected users. For context, a colleague has the right role but cannot reach the project they manage.","support"
"Guide me through correcting the configuration problem. This matters because a colleague has the right role but cannot reach the project they manage.","support"
"Would it be possible to resolve the error so our team can continue using the workspace? The situation is that a colleague has the right role but cannot reach the project they manage.","support"
"Our request is straightforward: check why the expected data is not appearing. A colleague has the right role but cannot reach the project they manage.","support"
"A colleague has the right role but cannot reach the project they manage. What we need now is for you to help the account owner complete the blocked action.","support"
"Please confirm what diagnostic information you need from us; a colleague has the right role but cannot reach the project they manage.","support"
"I am reaching out because the card update page freezes before the new details can be submitted; I would like you to investigate the technical problem and restore normal operation.","support"
"We need some help: help us regain access without closing or downgrading anything. For context, the card update page freezes before the new details can be submitted.","support"
"Identify why the feature is failing and tell us how to fix it. This matters because the card update page freezes before the new details can be submitted.","support"
"Would it be possible to troubleshoot the account while leaving the subscription unchanged? The situation is that the card update page freezes before the new details can be submitted.","support"
"Our request is straightforward: restore the missing functionality for the affected users. The card update page freezes before the new details can be submitted.","support"
"The card update page freezes before the new details can be submitted. What we need now is for you to guide me through correcting the configuration problem.","support"
"Please resolve the error so our team can continue using the workspace; the card update page freezes before the new details can be submitted.","support"
"A quick question from our team: can you check why the expected data is not appearing? The card update page freezes before the new details can be submitted.","support"
"Could you help the account owner complete the blocked action? The card update page freezes before the new details can be submitted.","support"
"The card update page freezes before the new details can be submitted, so please confirm what diagnostic information you need from us.","support"
"Would it be possible to investigate the technical problem and restore normal operation? The situation is that our reporting screen stopped loading after yesterday's release.","support"
"Our request is straightforward: help us regain access without closing or downgrading anything. Our reporting screen stopped loading after yesterday's release.","support"
"Our reporting screen stopped loading after yesterday's release. What we need now is for you to identify why the feature is failing and tell us how to fix it.","support"
"Please troubleshoot the account while leaving the subscription unchanged; our reporting screen stopped loading after yesterday's release.","support"
"A quick question from our team: can you restore the missing functionality for the affected users? Our reporting screen stopped loading after yesterday's release.","support"
"Could you guide me through correcting the configuration problem? Our reporting screen stopped loading after yesterday's release.","support"
"Our reporting screen stopped loading after yesterday's release, so please resolve the error so our team can continue using the workspace.","support"
"I am reaching out because our reporting screen stopped loading after yesterday's release; I would like you to check why the expected data is not appearing.","support"
"We need some help: help the account owner complete the blocked action. For context, our reporting screen stopped loading after yesterday's release.","support"
"Confirm what diagnostic information you need from us. This matters because our reporting screen stopped loading after yesterday's release.","support"
"Please investigate the technical problem and restore normal operation; the mobile application and browser now show different customer data.","support"
"A quick question from our team: can you help us regain access without closing or downgrading anything? The mobile application and browser now show different customer data.","support"
"Could you identify why the feature is failing and tell us how to fix it? The mobile application and browser now show different customer data.","support"
"The mobile application and browser now show different customer data, so please troubleshoot the account while leaving the subscription unchanged.","support"
"I am reaching out because the mobile application and browser now show different customer data; I would like you to restore the missing functionality for the affected users.","support"
"We need some help: guide me through correcting the configuration problem. For context, the mobile application and browser now show different customer data.","support"
"Resolve the error so our team can continue using the workspace. This matters because the mobile application and browser now show different customer data.","support"
"Would it be possible to check why the expected data is not appearing? The situation is that the mobile application and browser now show different customer data.","support"
"Our request is straightforward: help the account owner complete the blocked action. The mobile application and browser now show different customer data.","support"
"The mobile application and browser now show different customer data. What we need now is for you to confirm what diagnostic information you need from us.","support"
"An integration reports success while no new entries arrive, so please investigate the technical problem and restore normal operation.","support"
"I am reaching out because an integration reports success while no new entries arrive; I would like you to help us regain access without closing or downgrading anything.","support"
"We need some help: identify why the feature is failing and tell us how to fix it. For context, an integration reports success while no new entries arrive.","support"
"Troubleshoot the account while leaving the subscription unchanged. This matters because an integration reports success while no new entries arrive.","support"
"Would it be possible to restore the missing functionality for the affected users? The situation is that an integration reports success while no new entries arrive.","support"
"Our request is straightforward: guide me through correcting the configuration problem. An integration reports success while no new entries arrive.","support"
"An integration reports success while no new entries arrive. What we need now is for you to resolve the error so our team can continue using the workspace.","support"
"Please check why the expected data is not appearing; an integration reports success while no new entries arrive.","support"
"A quick question from our team: can you help the account owner complete the blocked action? An integration reports success while no new entries arrive.","support"
"Could you confirm what diagnostic information you need from us? An integration reports success while no new entries arrive.","support"
"Investigate the technical problem and restore normal operation. This matters because the account owner is locked out after changing authentication settings.","support"
"Would it be possible to help us regain access without closing or downgrading anything? The situation is that the account owner is locked out after changing authentication settings.","support"
"Our request is straightforward: identify why the feature is failing and tell us how to fix it. The account owner is locked out after changing authentication settings.","support"
"The account owner is locked out after changing authentication settings. What we need now is for you to troubleshoot the account while leaving the subscription unchanged.","support"
"Please restore the missing functionality for the affected users; the account owner is locked out after changing authentication settings.","support"
"A quick question from our team: can you guide me through correcting the configuration problem? The account owner is locked out after changing authentication settings.","support"
"Could you resolve the error so our team can continue using the workspace? The account owner is locked out after changing authentication settings.","support"
"The account owner is locked out after changing authentication settings, so please check why the expected data is not appearing.","support"
"I am reaching out because the account owner is locked out after changing authentication settings; I would like you to help the account owner complete the blocked action.","support"
"We need some help: confirm what diagnostic information you need from us. For context, the account owner is locked out after changing authentication settings.","support"
"Our team still needs the service but an access loop blocks all work. What we need now is for you to investigate the technical problem and restore normal operation.","support"
"Please help us regain access without closing or downgrading anything; our team still needs the service but an access loop blocks all work.","support"
"A quick question from our team: can you identify why the feature is failing and tell us how to fix it? Our team still needs the service but an access loop blocks all work.","support"
"Could you troubleshoot the account while leaving the subscription unchanged? Our team still needs the service but an access loop blocks all work.","support"
"Our team still needs the service but an access loop blocks all work, so please restore the missing functionality for the affected users.","support"
"I am reaching out because our team still needs the service but an access loop blocks all work; I would like you to guide me through correcting the configuration problem.","support"
"We need some help: resolve the error so our team can continue using the workspace. For context, our team still needs the service but an access loop blocks all work.","support"
"Check why the expected data is not appearing. This matters because our team still needs the service but an access loop blocks all work.","support"
"Would it be possible to help the account owner complete the blocked action? The situation is that our team still needs the service but an access loop blocks all work.","support"
"Our request is straightforward: confirm what diagnostic information you need from us. Our team still needs the service but an access loop blocks all work.","support"
"Could you investigate the technical problem and restore normal operation? An invoice link on the billing page downloads a blank file.","support"
"An invoice link on the billing page downloads a blank file, so please help us regain access without closing or downgrading anything.","support"
"I am reaching out because an invoice link on the billing page downloads a blank file; I would like you to identify why the feature is failing and tell us how to fix it.","support"
"We need some help: troubleshoot the account while leaving the subscription unchanged. For context, an invoice link on the billing page downloads a blank file.","support"
"Restore the missing functionality for the affected users. This matters because an invoice link on the billing page downloads a blank file.","support"
"Would it be possible to guide me through correcting the configuration problem? The situation is that an invoice link on the billing page downloads a blank file.","support"
"Our request is straightforward: resolve the error so our team can continue using the workspace. An invoice link on the billing page downloads a blank file.","support"
"An invoice link on the billing page downloads a blank file. What we need now is for you to check why the expected data is not appearing.","support"
"Please help the account owner complete the blocked action; an invoice link on the billing page downloads a blank file.","support"
"A quick question from our team: can you confirm what diagnostic information you need from us? An invoice link on the billing page downloads a blank file.","support"
"We need some help: investigate the technical problem and restore normal operation. For context, a large upload remains in progress long after smaller files finish.","support"
"Help us regain access without closing or downgrading anything. This matters because a large upload remains in progress long after smaller files finish.","support"
"Would it be possible to identify why the feature is failing and tell us how to fix it? The situation is that a large upload remains in progress long after smaller files finish.","support"
"Our request is straightforward: troubleshoot the account while leaving the subscription unchanged. A large upload remains in progress long after smaller files finish.","support"
"A large upload remains in progress long after smaller files finish. What we need now is for you to restore the missing functionality for the affected users.","support"
"Please guide me through correcting the configuration problem; a large upload remains in progress long after smaller files finish.","support"
"A quick question from our team: can you resolve the error so our team can continue using the workspace? A large upload remains in progress long after smaller files finish.","support"
"Could you check why the expected data is not appearing? A large upload remains in progress long after smaller files finish.","support"
"A large upload remains in progress long after smaller files finish, so please help the account owner complete the blocked action.","support"
"I am reaching out because a large upload remains in progress long after smaller files finish; I would like you to confirm what diagnostic information you need from us.","support"
"Our request is straightforward: investigate the technical problem and restore normal operation. The renewed workspace is incorrectly displayed as expired.","support"
"The renewed workspace is incorrectly displayed as expired. What we need now is for you to help us regain access without closing or downgrading anything.","support"
"Please identify why the feature is failing and tell us how to fix it; the renewed workspace is incorrectly displayed as expired.","support"
"A quick question from our team: can you troubleshoot the account while leaving the subscription unchanged? The renewed workspace is incorrectly displayed as expired.","support"
"Could you restore the missing functionality for the affected users? The renewed workspace is incorrectly displayed as expired.","support"
"The renewed workspace is incorrectly displayed as expired, so please guide me through correcting the configuration problem.","support"
"I am reaching out because the renewed workspace is incorrectly displayed as expired; I would like you to resolve the error so our team can continue using the workspace.","support"
"We need some help: check why the expected data is not appearing. For context, the renewed workspace is incorrectly displayed as expired.","support"
"Help the account owner complete the blocked action. This matters because the renewed workspace is incorrectly displayed as expired.","support"
"Would it be possible to confirm what diagnostic information you need from us? The situation is that the renewed workspace is incorrectly displayed as expired.","support"
"A quick question from our team: can you investigate the technical problem and restore normal operation? Newly invited users enter the account but cannot open its documents.","support"
"Could you help us regain access without closing or downgrading anything? Newly invited users enter the account but cannot open its documents.","support"
"Newly invited users enter the account but cannot open its documents, so please identify why the feature is failing and tell us how to fix it.","support"
"I am reaching out because newly invited users enter the account but cannot open its documents; I would like you to troubleshoot the account while leaving the subscription unchanged.","support"
"We need some help: restore the missing functionality for the affected users. For context, newly invited users enter the account but cannot open its documents.","support"
"Guide me through correcting the configuration problem. This matters because newly invited users enter the account but cannot open its documents.","support"
"Would it be possible to resolve the error so our team can continue using the workspace? The situation is that newly invited users enter the account but cannot open its documents.","support"
"Our request is straightforward: check why the expected data is not appearing. Newly invited users enter the account but cannot open its documents.","support"
"Newly invited users enter the account but cannot open its documents. What we need now is for you to help the account owner complete the blocked action.","support"
"Please confirm what diagnostic information you need from us; newly invited users enter the account but cannot open its documents.","support"
"I am reaching out because a form accepts our changes and then silently restores the old values; I would like you to investigate the technical problem and restore normal operation.","support"
"We need some help: help us regain access without closing or downgrading anything. For context, a form accepts our changes and then silently restores the old values.","support"
"Identify why the feature is failing and tell us how to fix it. This matters because a form accepts our changes and then silently restores the old values.","support"
"Would it be possible to troubleshoot the account while leaving the subscription unchanged? The situation is that a form accepts our changes and then silently restores the old values.","support"
"Our request is straightforward: restore the missing functionality for the affected users. A form accepts our changes and then silently restores the old values.","support"
"A form accepts our changes and then silently restores the old values. What we need now is for you to guide me through correcting the configuration problem.","support"
"Please resolve the error so our team can continue using the workspace; a form accepts our changes and then silently restores the old values.","support"
"A quick question from our team: can you check why the expected data is not appearing? A form accepts our changes and then silently restores the old values.","support"
"Could you help the account owner complete the blocked action? A form accepts our changes and then silently restores the old values.","support"
"A form accepts our changes and then silently restores the old values, so please confirm what diagnostic information you need from us.","support"
"Would it be possible to investigate the technical problem and restore normal operation? The situation is that the dashboard works for administrators but fails for regular members.","support"
"Our request is straightforward: help us regain access without closing or downgrading anything. The dashboard works for administrators but fails for regular members.","support"
"The dashboard works for administrators but fails for regular members. What we need now is for you to identify why the feature is failing and tell us how to fix it.","support"
"Please troubleshoot the account while leaving the subscription unchanged; the dashboard works for administrators but fails for regular members.","support"
"A quick question from our team: can you restore the missing functionality for the affected users? The dashboard works for administrators but fails for regular members.","support"
"Could you guide me through correcting the configuration problem? The dashboard works for administrators but fails for regular members.","support"
"The dashboard works for administrators but fails for regular members, so please resolve the error so our team can continue using the workspace.","support"
"I am reaching out because the dashboard works for administrators but fails for regular members; I would like you to check why the expected data is not appearing.","support"
"We need some help: help the account owner complete the blocked action. For context, the dashboard works for administrators but fails for regular members.","support"
"Confirm what diagnostic information you need from us. This matters because the dashboard works for administrators but fails for regular members.","support"
"Please investigate the technical problem and restore normal operation; we are seeing intermittent errors without wanting to alter the plan.","support"
"A quick question from our team: can you help us regain access without closing or downgrading anything? We are seeing intermittent errors without wanting to alter the plan.","support"
"Could you identify why the feature is failing and tell us how to fix it? We are seeing intermittent errors without wanting to alter the plan.","support"
"We are seeing intermittent errors without wanting to alter the plan, so please troubleshoot the account while leaving the subscription unchanged.","support"
"I am reaching out because we are seeing intermittent errors without wanting to alter the plan; I would like you to restore the missing functionality for the affected users.","support"
"We need some help: guide me through correcting the configuration problem. For context, we are seeing intermittent errors without wanting to alter the plan.","support"
"Resolve the error so our team can continue using the workspace. This matters because we are seeing intermittent errors without wanting to alter the plan.","support"
"Would it be possible to check why the expected data is not appearing? The situation is that we are seeing intermittent errors without wanting to alter the plan.","support"
"Our request is straightforward: help the account owner complete the blocked action. We are seeing intermittent errors without wanting to alter the plan.","support"
"We are seeing intermittent errors without wanting to alter the plan. What we need now is for you to confirm what diagnostic information you need from us.","support"
"Could you explain what the charge covers without reversing the payment? The card statement shows a transaction we recognize but cannot reconcile.","billing"
"The card statement shows a transaction we recognize but cannot reconcile, so please send an itemized invoice or receipt for our records.","billing"
"I am reaching out because the card statement shows a transaction we recognize but cannot reconcile; I would like you to clarify the date and period associated with the transaction.","billing"
"We need some help: update the billing details used on future documents. For context, the card statement shows a transaction we recognize but cannot reconcile.","billing"
"Show how the amount was calculated across the billing cycle. This matters because the card statement shows a transaction we recognize but cannot reconcile.","billing"
"Would it be possible to confirm which payment method will be used next? The situation is that the card statement shows a transaction we recognize but cannot reconcile.","billing"
"Our request is straightforward: help us reconcile the invoice with the card statement. The card statement shows a transaction we recognize but cannot reconcile.","billing"
"The card statement shows a transaction we recognize but cannot reconcile. What we need now is for you to change where billing notices and receipts are delivered.","billing"
"Please describe when the next payment is due and how it will be collected; the card statement shows a transaction we recognize but cannot reconcile.","billing"
"A quick question from our team: can you correct the accounting document while leaving the charge in place? The card statement shows a transaction we recognize but cannot reconcile.","billing"
"We need some help: explain what the charge covers without reversing the payment. For context, our current invoice contains an amount assigned to the wrong department.","billing"
"Send an itemized invoice or receipt for our records. This matters because our current invoice contains an amount assigned to the wrong department.","billing"
"Would it be possible to clarify the date and period associated with the transaction? The situation is that our current invoice contains an amount assigned to the wrong department.","billing"
"Our request is straightforward: update the billing details used on future documents. Our current invoice contains an amount assigned to the wrong department.","billing"
"Our current invoice contains an amount assigned to the wrong department. What we need now is for you to show how the amount was calculated across the billing cycle.","billing"
"Please confirm which payment method will be used next; our current invoice contains an amount assigned to the wrong department.","billing"
"A quick question from our team: can you help us reconcile the invoice with the card statement? Our current invoice contains an amount assigned to the wrong department.","billing"
"Could you change where billing notices and receipts are delivered? Our current invoice contains an amount assigned to the wrong department.","billing"
"Our current invoice contains an amount assigned to the wrong department, so please describe when the next payment is due and how it will be collected.","billing"
"I am reaching out because our current invoice contains an amount assigned to the wrong department; I would like you to correct the accounting document while leaving the charge in place.","billing"
"Our request is straightforward: explain what the charge covers without reversing the payment. The subscription should remain active while finance reviews its charges.","billing"
"The subscription should remain active while finance reviews its charges. What we need now is for you to send an itemized invoice or receipt for our records.","billing"
"Please clarify the date and period associated with the transaction; the subscription should remain active while finance reviews its charges.","billing"
"A quick question from our team: can you update the billing details used on future documents? The subscription should remain active while finance reviews its charges.","billing"
"Could you show how the amount was calculated across the billing cycle? The subscription should remain active while finance reviews its charges.","billing"
"The subscription should remain active while finance reviews its charges, so please confirm which payment method will be used next.","billing"
"I am reaching out because the subscription should remain active while finance reviews its charges; I would like you to help us reconcile the invoice with the card statement.","billing"
"We need some help: change where billing notices and receipts are delivered. For context, the subscription should remain active while finance reviews its charges.","billing"
"Describe when the next payment is due and how it will be collected. This matters because the subscription should remain active while finance reviews its charges.","billing"
"Would it be possible to correct the accounting document while leaving the charge in place? The situation is that the subscription should remain active while finance reviews its charges.","billing"
"A quick question from our team: can you explain what the charge covers without reversing the payment? A recent payment succeeded although the account still appears overdue.","billing"
"Could you send an itemized invoice or receipt for our records? A recent payment succeeded although the account still appears overdue.","billing"
"A recent payment succeeded although the account still appears overdue, so please clarify the date and period associated with the transaction.","billing"
"I am reaching out because a recent payment succeeded although the account still appears overdue; I would like you to update the billing details used on future documents.","billing"
"We need some help: show how the amount was calculated across the billing cycle. For context, a recent payment succeeded although the account still appears overdue.","billing"
"Confirm which payment method will be used next. This matters because a recent payment succeeded although the account still appears overdue.","billing"
"Would it be possible to help us reconcile the invoice with the card statement? The situation is that a recent payment succeeded although the account still appears overdue.","billing"
"Our request is straightforward: change where billing notices and receipts are delivered. A recent payment succeeded although the account still appears overdue.","billing"
"A recent payment succeeded although the account still appears overdue. What we need now is for you to describe when the next payment is due and how it will be collected.","billing"
"Please correct the accounting document while leaving the charge in place; a recent payment succeeded although the account still appears overdue.","billing"
"I am reaching out because our accounts team needs documentation for the latest card payment; I would like you to explain what the charge covers without reversing the payment.","billing"
"We need some help: send an itemized invoice or receipt for our records. For context, our accounts team needs documentation for the latest card payment.","billing"
"Clarify the date and period associated with the transaction. This matters because our accounts team needs documentation for the latest card payment.","billing"
"Would it be possible to update the billing details used on future documents? The situation is that our accounts team needs documentation for the latest card payment.","billing"
"Our request is straightforward: show how the amount was calculated across the billing cycle. Our accounts team needs documentation for the latest card payment.","billing"
"Our accounts team needs documentation for the latest card payment. What we need now is for you to confirm which payment method will be used next.","billing"
"Please help us reconcile the invoice with the card statement; our accounts team needs documentation for the latest card payment.","billing"
"A quick question from our team: can you change where billing notices and receipts are delivered? Our accounts team needs documentation for the latest card payment.","billing"
"Could you describe when the next payment is due and how it will be collected? Our accounts team needs documentation for the latest card payment.","billing"
"Our accounts team needs documentation for the latest card payment, so please correct the accounting document while leaving the charge in place.","billing"
"Would it be possible to explain what the charge covers without reversing the payment? The situation is that we changed the number of seats in the middle of the billing cycle.","billing"
"Our request is straightforward: send an itemized invoice or receipt for our records. We changed the number of seats in the middle of the billing cycle.","billing"
"We changed the number of seats in the middle of the billing cycle. What we need now is for you to clarify the date and period associated with the transaction.","billing"
"Please update the billing details used on future documents; we changed the number of seats in the middle of the billing cycle.","billing"
"A quick question from our team: can you show how the amount was calculated across the billing cycle? We changed the number of seats in the middle of the billing cycle.","billing"
"Could you confirm which payment method will be used next? We changed the number of seats in the middle of the billing cycle.","billing"
"We changed the number of seats in the middle of the billing cycle, so please help us reconcile the invoice with the card statement.","billing"
"I am reaching out because we changed the number of seats in the middle of the billing cycle; I would like you to change where billing notices and receipts are delivered.","billing"
"We need some help: describe when the next payment is due and how it will be collected. For context, we changed the number of seats in the middle of the billing cycle.","billing"
"Correct the accounting document while leaving the charge in place. This matters because we changed the number of seats in the middle of the billing cycle.","billing"
"Please explain what the charge covers without reversing the payment; the next renewal must use a different payment method.","billing"
"A quick question from our team: can you send an itemized invoice or receipt for our records? The next renewal must use a different payment method.","billing"
"Could you clarify the date and period associated with the transaction? The next renewal must use a different payment method.","billing"
"The next renewal must use a different payment method, so please update the billing details used on future documents.","billing"
"I am reaching out because the next renewal must use a different payment method; I would like you to show how the amount was calculated across the billing cycle.","billing"
"We need some help: confirm which payment method will be used next. For context, the next renewal must use a different payment method.","billing"
"Help us reconcile the invoice with the card statement. This matters because the next renewal must use a different payment method.","billing"
"Would it be possible to change where billing notices and receipts are delivered? The situation is that the next renewal must use a different payment method.","billing"
"Our request is straightforward: describe when the next payment is due and how it will be collected. The next renewal must use a different payment method.","billing"
"The next renewal must use a different payment method. What we need now is for you to correct the accounting document while leaving the charge in place.","billing"
"The invoice has correct totals but outdated company information, so please explain what the charge covers without reversing the payment.","billing"
"I am reaching out because the invoice has correct totals but outdated company information; I would like you to send an itemized invoice or receipt for our records.","billing"
"We need some help: clarify the date and period associated with the transaction. For context, the invoice has correct totals but outdated company information.","billing"
"Update the billing details used on future documents. This matters because the invoice has correct totals but outdated company information.","billing"
"Would it be possible to show how the amount was calculated across the billing cycle? The situation is that the invoice has correct totals but outdated company information.","billing"
"Our request is straightforward: confirm which payment method will be used next. The invoice has correct totals but outdated company information.","billing"
"The invoice has correct totals but outdated company information. What we need now is for you to help us reconcile the invoice with the card statement.","billing"
"Please change where billing notices and receipts are delivered; the invoice has correct totals but outdated company information.","billing"
"A quick question from our team: can you describe when the next payment is due and how it will be collected? The invoice has correct totals but outdated company information.","billing"
"Could you correct the accounting document while leaving the charge in place? The invoice has correct totals but outdated company information.","billing"
"Explain what the charge covers without reversing the payment. This matters because two pending card authorizations followed a single checkout attempt.","billing"
"Would it be possible to send an itemized invoice or receipt for our records? The situation is that two pending card authorizations followed a single checkout attempt.","billing"
"Our request is straightforward: clarify the date and period associated with the transaction. Two pending card authorizations followed a single checkout attempt.","billing"
"Two pending card authorizations followed a single checkout attempt. What we need now is for you to update the billing details used on future documents.","billing"
"Please show how the amount was calculated across the billing cycle; two pending card authorizations followed a single checkout attempt.","billing"
"A quick question from our team: can you confirm which payment method will be used next? Two pending card authorizations followed a single checkout attempt.","billing"
"Could you help us reconcile the invoice with the card statement? Two pending card authorizations followed a single checkout attempt.","billing"
"Two pending card authorizations followed a single checkout attempt, so please change where billing notices and receipts are delivered.","billing"
"I am reaching out because two pending card authorizations followed a single checkout attempt; I would like you to describe when the next payment is due and how it will be collected.","billing"
"We need some help: correct the accounting document while leaving the charge in place. For context, two pending card authorizations followed a single checkout attempt.","billing"
"Our organization pays several workspace invoices from one bank account. What we need now is for you to explain what the charge covers without reversing the payment.","billing"
"Please send an itemized invoice or receipt for our records; our organization pays several workspace invoices from one bank account.","billing"
"A quick question from our team: can you clarify the date and period associated with the transaction? Our organization pays several workspace invoices from one bank account.","billing"
"Could you update the billing details used on future documents? Our organization pays several workspace invoices from one bank account.","billing"
"Our organization pays several workspace invoices from one bank account, so please show how the amount was calculated across the billing cycle.","billing"
"I am reaching out because our organization pays several workspace invoices from one bank account; I would like you to confirm which payment method will be used next.","billing"
"We need some help: help us reconcile the invoice with the card statement. For context, our organization pays several workspace invoices from one bank account.","billing"
"Change where billing notices and receipts are delivered. This matters because our organization pays several workspace invoices from one bank account.","billing"
"Would it be possible to describe when the next payment is due and how it will be collected? The situation is that our organization pays several workspace invoices from one bank account.","billing"
"Our request is straightforward: correct the accounting document while leaving the charge in place. Our organization pays several workspace invoices from one bank account.","billing"
"Could you explain what the charge covers without reversing the payment? A credit appears on the account and we do not understand its allocation.","billing"
"A credit appears on the account and we do not understand its allocation, so please send an itemized invoice or receipt for our records.","billing"
"I am reaching out because a credit appears on the account and we do not understand its allocation; I would like you to clarify the date and period associated with the transaction.","billing"
"We need some help: update the billing details used on future documents. For context, a credit appears on the account and we do not understand its allocation.","billing"
"Show how the amount was calculated across the billing cycle. This matters because a credit appears on the account and we do not understand its allocation.","billing"
"Would it be possible to confirm which payment method will be used next? The situation is that a credit appears on the account and we do not understand its allocation.","billing"
"Our request is straightforward: help us reconcile the invoice with the card statement. A credit appears on the account and we do not understand its allocation.","billing"
"A credit appears on the account and we do not understand its allocation. What we need now is for you to change where billing notices and receipts are delivered.","billing"
"Please describe when the next payment is due and how it will be collected; a credit appears on the account and we do not understand its allocation.","billing"
"A quick question from our team: can you correct the accounting document while leaving the charge in place? A credit appears on the account and we do not understand its allocation.","billing"
"We need some help: explain what the charge covers without reversing the payment. For context, the annual transaction occurred earlier than our finance team expected.","billing"
"Send an itemized invoice or receipt for our records. This matters because the annual transaction occurred earlier than our finance team expected.","billing"
"Would it be possible to clarify the date and period associated with the transaction? The situation is that the annual transaction occurred earlier than our finance team expected.","billing"
"Our request is straightforward: update the billing details used on future documents. The annual transaction occurred earlier than our finance team expected.","billing"
"The annual transaction occurred earlier than our finance team expected. What we need now is for you to show how the amount was calculated across the billing cycle.","billing"
"Please confirm which payment method will be used next; the annual transaction occurred earlier than our finance team expected.","billing"
"A quick question from our team: can you help us reconcile the invoice with the card statement? The annual transaction occurred earlier than our finance team expected.","billing"
"Could you change where billing notices and receipts are delivered? The annual transaction occurred earlier than our finance team expected.","billing"
"The annual transaction occurred earlier than our finance team expected, so please describe when the next payment is due and how it will be collected.","billing"
"I am reaching out because the annual transaction occurred earlier than our finance team expected; I would like you to correct the accounting document while leaving the charge in place.","billing"
"Our request is straightforward: explain what the charge covers without reversing the payment. Tax and currency amounts differ between the quote and issued invoice.","billing"
"Tax and currency amounts differ between the quote and issued invoice. What we need now is for you to send an itemized invoice or receipt for our records.","billing"
"Please clarify the date and period associated with the transaction; tax and currency amounts differ between the quote and issued invoice.","billing"
"A quick question from our team: can you update the billing details used on future documents? Tax and currency amounts differ between the quote and issued invoice.","billing"
"Could you show how the amount was calculated across the billing cycle? Tax and currency amounts differ between the quote and issued invoice.","billing"
"Tax and currency amounts differ between the quote and issued invoice, so please confirm which payment method will be used next.","billing"
"I am reaching out because tax and currency amounts differ between the quote and issued invoice; I would like you to help us reconcile the invoice with the card statement.","billing"
"We need some help: change where billing notices and receipts are delivered. For context, tax and currency amounts differ between the quote and issued invoice.","billing"
"Describe when the next payment is due and how it will be collected. This matters because tax and currency amounts differ between the quote and issued invoice.","billing"
"Would it be possible to correct the accounting document while leaving the charge in place? The situation is that tax and currency amounts differ between the quote and issued invoice.","billing"
"A quick question from our team: can you explain what the charge covers without reversing the payment? The plan has ended but accounting still needs the final billing records.","billing"
"Could you send an itemized invoice or receipt for our records? The plan has ended but accounting still needs the final billing records.","billing"
"The plan has ended but accounting still needs the final billing records, so please clarify the date and period associated with the transaction.","billing"
"I am reaching out because the plan has ended but accounting still needs the final billing records; I would like you to update the billing details used on future documents.","billing"
"We need some help: show how the amount was calculated across the billing cycle. For context, the plan has ended but accounting still needs the final billing records.","billing"
"Confirm which payment method will be used next. This matters because the plan has ended but accounting still needs the final billing records.","billing"
"Would it be possible to help us reconcile the invoice with the card statement? The situation is that the plan has ended but accounting still needs the final billing records.","billing"
"Our request is straightforward: change where billing notices and receipts are delivered. The plan has ended but accounting still needs the final billing records.","billing"
"The plan has ended but accounting still needs the final billing records. What we need now is for you to describe when the next payment is due and how it will be collected.","billing"
"Please correct the accounting document while leaving the charge in place; the plan has ended but accounting still needs the final billing records.","billing"
"I am reaching out because a purchase order was accepted while the corresponding invoice says unpaid; I would like you to explain what the charge covers without reversing the payment.","billing"
"We need some help: send an itemized invoice or receipt for our records. For context, a purchase order was accepted while the corresponding invoice says unpaid.","billing"
"Clarify the date and period associated with the transaction. This matters because a purchase order was accepted while the corresponding invoice says unpaid.","billing"
"Would it be possible to update the billing details used on future documents? The situation is that a purchase order was accepted while the corresponding invoice says unpaid.","billing"
"Our request is straightforward: show how the amount was calculated across the billing cycle. A purchase order was accepted while the corresponding invoice says unpaid.","billing"
"A purchase order was accepted while the corresponding invoice says unpaid. What we need now is for you to confirm which payment method will be used next.","billing"
"Please help us reconcile the invoice with the card statement; a purchase order was accepted while the corresponding invoice says unpaid.","billing"
"A quick question from our team: can you change where billing notices and receipts are delivered? A purchase order was accepted while the corresponding invoice says unpaid.","billing"
"Could you describe when the next payment is due and how it will be collected? A purchase order was accepted while the corresponding invoice says unpaid.","billing"
"A purchase order was accepted while the corresponding invoice says unpaid, so please correct the accounting document while leaving the charge in place.","billing"
"Would it be possible to explain what the charge covers without reversing the payment? The situation is that we are keeping the service and only need clarity about the amount collected.","billing"
"Our request is straightforward: send an itemized invoice or receipt for our records. We are keeping the service and only need clarity about the amount collected.","billing"
"We are keeping the service and only need clarity about the amount collected. What we need now is for you to clarify the date and period associated with the transaction.","billing"
"Please update the billing details used on future documents; we are keeping the service and only need clarity about the amount collected.","billing"
"A quick question from our team: can you show how the amount was calculated across the billing cycle? We are keeping the service and only need clarity about the amount collected.","billing"
"Could you confirm which payment method will be used next? We are keeping the service and only need clarity about the amount collected.","billing"
"We are keeping the service and only need clarity about the amount collected, so please help us reconcile the invoice with the card statement.","billing"
"I am reaching out because we are keeping the service and only need clarity about the amount collected; I would like you to change where billing notices and receipts are delivered.","billing"
"We need some help: describe when the next payment is due and how it will be collected. For context, we are keeping the service and only need clarity about the amount collected.","billing"
"Correct the accounting document while leaving the charge in place. This matters because we are keeping the service and only need clarity about the amount collected.","billing"
"Please explain what the charge covers without reversing the payment; the billing contact left the company before the latest receipt was issued.","billing"
"A quick question from our team: can you send an itemized invoice or receipt for our records? The billing contact left the company before the latest receipt was issued.","billing"
"Could you clarify the date and period associated with the transaction? The billing contact left the company before the latest receipt was issued.","billing"
"The billing contact left the company before the latest receipt was issued, so please update the billing details used on future documents.","billing"
"I am reaching out because the billing contact left the company before the latest receipt was issued; I would like you to show how the amount was calculated across the billing cycle.","billing"
"We need some help: confirm which payment method will be used next. For context, the billing contact left the company before the latest receipt was issued.","billing"
"Help us reconcile the invoice with the card statement. This matters because the billing contact left the company before the latest receipt was issued.","billing"
"Would it be possible to change where billing notices and receipts are delivered? The situation is that the billing contact left the company before the latest receipt was issued.","billing"
"Our request is straightforward: describe when the next payment is due and how it will be collected. The billing contact left the company before the latest receipt was issued.","billing"
"The billing contact left the company before the latest receipt was issued. What we need now is for you to correct the accounting document while leaving the charge in place.","billing"
"Could you return the money rather than applying it to a future invoice? The same valid invoice was accidentally paid from two bank accounts.","refund"
"The same valid invoice was accidentally paid from two bank accounts, so please reverse the incorrect payment to its original method.","refund"
"I am reaching out because the same valid invoice was accidentally paid from two bank accounts; I would like you to reimburse the amount while leaving the valid subscription active.","refund"
"We need some help: send back the duplicate portion of the transaction. For context, the same valid invoice was accidentally paid from two bank accounts.","refund"
"Process repayment for the product or service we did not receive. This matters because the same valid invoice was accidentally paid from two bank accounts.","refund"
"Would it be possible to refund the accidental purchase without changing our billing profile? The situation is that the same valid invoice was accidentally paid from two bank accounts.","refund"
"Our request is straightforward: return the overpaid difference to our bank or card. The same valid invoice was accidentally paid from two bank accounts.","refund"
"The same valid invoice was accidentally paid from two bank accounts. What we need now is for you to confirm when the approved reimbursement will reach us.","refund"
"Please undo the charge instead of issuing account credit; the same valid invoice was accidentally paid from two bank accounts.","refund"
"A quick question from our team: can you repay the unused amount while keeping the remaining items intact? The same valid invoice was accidentally paid from two bank accounts.","refund"
"We need some help: return the money rather than applying it to a future invoice. For context, our card was charged for seats that were never made available.","refund"
"Reverse the incorrect payment to its original method. This matters because our card was charged for seats that were never made available.","refund"
"Would it be possible to reimburse the amount while leaving the valid subscription active? The situation is that our card was charged for seats that were never made available.","refund"
"Our request is straightforward: send back the duplicate portion of the transaction. Our card was charged for seats that were never made available.","refund"
"Our card was charged for seats that were never made available. What we need now is for you to process repayment for the product or service we did not receive.","refund"
"Please refund the accidental purchase without changing our billing profile; our card was charged for seats that were never made available.","refund"
"A quick question from our team: can you return the overpaid difference to our bank or card? Our card was charged for seats that were never made available.","refund"
"Could you confirm when the approved reimbursement will reach us? Our card was charged for seats that were never made available.","refund"
"Our card was charged for seats that were never made available, so please undo the charge instead of issuing account credit.","refund"
"I am reaching out because our card was charged for seats that were never made available; I would like you to repay the unused amount while keeping the remaining items intact.","refund"
"Our request is straightforward: return the money rather than applying it to a future invoice. An optional module was purchased by mistake during checkout.","refund"
"An optional module was purchased by mistake during checkout. What we need now is for you to reverse the incorrect payment to its original method.","refund"
"Please reimburse the amount while leaving the valid subscription active; an optional module was purchased by mistake during checkout.","refund"
"A quick question from our team: can you send back the duplicate portion of the transaction? An optional module was purchased by mistake during checkout.","refund"
"Could you process repayment for the product or service we did not receive? An optional module was purchased by mistake during checkout.","refund"
"An optional module was purchased by mistake during checkout, so please refund the accidental purchase without changing our billing profile.","refund"
"I am reaching out because an optional module was purchased by mistake during checkout; I would like you to return the overpaid difference to our bank or card.","refund"
"We need some help: confirm when the approved reimbursement will reach us. For context, an optional module was purchased by mistake during checkout.","refund"
"Undo the charge instead of issuing account credit. This matters because an optional module was purchased by mistake during checkout.","refund"
"Would it be possible to repay the unused amount while keeping the remaining items intact? The situation is that an optional module was purchased by mistake during checkout.","refund"
"A quick question from our team: can you return the money rather than applying it to a future invoice? The account can stay open but one unrelated transaction was duplicated.","refund"
"Could you reverse the incorrect payment to its original method? The account can stay open but one unrelated transaction was duplicated.","refund"
"The account can stay open but one unrelated transaction was duplicated, so please reimburse the amount while leaving the valid subscription active.","refund"
"I am reaching out because the account can stay open but one unrelated transaction was duplicated; I would like you to send back the duplicate portion of the transaction.","refund"
"We need some help: process repayment for the product or service we did not receive. For context, the account can stay open but one unrelated transaction was duplicated.","refund"
"Refund the accidental purchase without changing our billing profile. This matters because the account can stay open but one unrelated transaction was duplicated.","refund"
"Would it be possible to return the overpaid difference to our bank or card? The situation is that the account can stay open but one unrelated transaction was duplicated.","refund"
"Our request is straightforward: confirm when the approved reimbursement will reach us. The account can stay open but one unrelated transaction was duplicated.","refund"
"The account can stay open but one unrelated transaction was duplicated. What we need now is for you to undo the charge instead of issuing account credit.","refund"
"Please repay the unused amount while keeping the remaining items intact; the account can stay open but one unrelated transaction was duplicated.","refund"
"I am reaching out because we paid for an implementation session that the vendor canceled; I would like you to return the money rather than applying it to a future invoice.","refund"
"We need some help: reverse the incorrect payment to its original method. For context, we paid for an implementation session that the vendor canceled.","refund"
"Reimburse the amount while leaving the valid subscription active. This matters because we paid for an implementation session that the vendor canceled.","refund"
"Would it be possible to send back the duplicate portion of the transaction? The situation is that we paid for an implementation session that the vendor canceled.","refund"
"Our request is straightforward: process repayment for the product or service we did not receive. We paid for an implementation session that the vendor canceled.","refund"
"We paid for an implementation session that the vendor canceled. What we need now is for you to refund the accidental purchase without changing our billing profile.","refund"
"Please return the overpaid difference to our bank or card; we paid for an implementation session that the vendor canceled.","refund"
"A quick question from our team: can you confirm when the approved reimbursement will reach us? We paid for an implementation session that the vendor canceled.","refund"
"Could you undo the charge instead of issuing account credit? We paid for an implementation session that the vendor canceled.","refund"
"We paid for an implementation session that the vendor canceled, so please repay the unused amount while keeping the remaining items intact.","refund"
"Would it be possible to return the money rather than applying it to a future invoice? The situation is that the amount collected exceeded the price stated in our agreement.","refund"
"Our request is straightforward: reverse the incorrect payment to its original method. The amount collected exceeded the price stated in our agreement.","refund"
"The amount collected exceeded the price stated in our agreement. What we need now is for you to reimburse the amount while leaving the valid subscription active.","refund"
"Please send back the duplicate portion of the transaction; the amount collected exceeded the price stated in our agreement.","refund"
"A quick question from our team: can you process repayment for the product or service we did not receive? The amount collected exceeded the price stated in our agreement.","refund"
"Could you refund the accidental purchase without changing our billing profile? The amount collected exceeded the price stated in our agreement.","refund"
"The amount collected exceeded the price stated in our agreement, so please return the overpaid difference to our bank or card.","refund"
"I am reaching out because the amount collected exceeded the price stated in our agreement; I would like you to confirm when the approved reimbursement will reach us.","refund"
"We need some help: undo the charge instead of issuing account credit. For context, the amount collected exceeded the price stated in our agreement.","refund"
"Repay the unused amount while keeping the remaining items intact. This matters because the amount collected exceeded the price stated in our agreement.","refund"
"Please return the money rather than applying it to a future invoice; a former employee bought an upgrade without company approval.","refund"
"A quick question from our team: can you reverse the incorrect payment to its original method? A former employee bought an upgrade without company approval.","refund"
"Could you reimburse the amount while leaving the valid subscription active? A former employee bought an upgrade without company approval.","refund"
"A former employee bought an upgrade without company approval, so please send back the duplicate portion of the transaction.","refund"
"I am reaching out because a former employee bought an upgrade without company approval; I would like you to process repayment for the product or service we did not receive.","refund"
"We need some help: refund the accidental purchase without changing our billing profile. For context, a former employee bought an upgrade without company approval.","refund"
"Return the overpaid difference to our bank or card. This matters because a former employee bought an upgrade without company approval.","refund"
"Would it be possible to confirm when the approved reimbursement will reach us? The situation is that a former employee bought an upgrade without company approval.","refund"
"Our request is straightforward: undo the charge instead of issuing account credit. A former employee bought an upgrade without company approval.","refund"
"A former employee bought an upgrade without company approval. What we need now is for you to repay the unused amount while keeping the remaining items intact.","refund"
"The subscription payment continued after our eligible opt-out was accepted, so please return the money rather than applying it to a future invoice.","refund"
"I am reaching out because the subscription payment continued after our eligible opt-out was accepted; I would like you to reverse the incorrect payment to its original method.","refund"
"We need some help: reimburse the amount while leaving the valid subscription active. For context, the subscription payment continued after our eligible opt-out was accepted.","refund"
"Send back the duplicate portion of the transaction. This matters because the subscription payment continued after our eligible opt-out was accepted.","refund"
"Would it be possible to process repayment for the product or service we did not receive? The situation is that the subscription payment continued after our eligible opt-out was accepted.","refund"
"Our request is straightforward: refund the accidental purchase without changing our billing profile. The subscription payment continued after our eligible opt-out was accepted.","refund"
"The subscription payment continued after our eligible opt-out was accepted. What we need now is for you to return the overpaid difference to our bank or card.","refund"
"Please confirm when the approved reimbursement will reach us; the subscription payment continued after our eligible opt-out was accepted.","refund"
"A quick question from our team: can you undo the charge instead of issuing account credit? The subscription payment continued after our eligible opt-out was accepted.","refund"
"Could you repay the unused amount while keeping the remaining items intact? The subscription payment continued after our eligible opt-out was accepted.","refund"
"Return the money rather than applying it to a future invoice. This matters because the service was unavailable throughout the period we prepaid.","refund"
"Would it be possible to reverse the incorrect payment to its original method? The situation is that the service was unavailable throughout the period we prepaid.","refund"
"Our request is straightforward: reimburse the amount while leaving the valid subscription active. The service was unavailable throughout the period we prepaid.","refund"
"The service was unavailable throughout the period we prepaid. What we need now is for you to send back the duplicate portion of the transaction.","refund"
"Please process repayment for the product or service we did not receive; the service was unavailable throughout the period we prepaid.","refund"
"A quick question from our team: can you refund the accidental purchase without changing our billing profile? The service was unavailable throughout the period we prepaid.","refund"
"Could you return the overpaid difference to our bank or card? The service was unavailable throughout the period we prepaid.","refund"
"The service was unavailable throughout the period we prepaid, so please confirm when the approved reimbursement will reach us.","refund"
"I am reaching out because the service was unavailable throughout the period we prepaid; I would like you to undo the charge instead of issuing account credit.","refund"
"We need some help: repay the unused amount while keeping the remaining items intact. For context, the service was unavailable throughout the period we prepaid.","refund"
"A transaction completed even though the order screen reported failure. What we need now is for you to return the money rather than applying it to a future invoice.","refund"
"Please reverse the incorrect payment to its original method; a transaction completed even though the order screen reported failure.","refund"
"A quick question from our team: can you reimburse the amount while leaving the valid subscription active? A transaction completed even though the order screen reported failure.","refund"
"Could you send back the duplicate portion of the transaction? A transaction completed even though the order screen reported failure.","refund"
"A transaction completed even though the order screen reported failure, so please process repayment for the product or service we did not receive.","refund"
"I am reaching out because a transaction completed even though the order screen reported failure; I would like you to refund the accidental purchase without changing our billing profile.","refund"
"We need some help: return the overpaid difference to our bank or card. For context, a transaction completed even though the order screen reported failure.","refund"
"Confirm when the approved reimbursement will reach us. This matters because a transaction completed even though the order screen reported failure.","refund"
"Would it be possible to undo the charge instead of issuing account credit? The situation is that a transaction completed even though the order screen reported failure.","refund"
"Our request is straightforward: repay the unused amount while keeping the remaining items intact. A transaction completed even though the order screen reported failure.","refund"
"Could you return the money rather than applying it to a future invoice? We received account credit but require the money on the original card.","refund"
"We received account credit but require the money on the original card, so please reverse the incorrect payment to its original method.","refund"
"I am reaching out because we received account credit but require the money on the original card; I would like you to reimburse the amount while leaving the valid subscription active.","refund"
"We need some help: send back the duplicate portion of the transaction. For context, we received account credit but require the money on the original card.","refund"
"Process repayment for the product or service we did not receive. This matters because we received account credit but require the money on the original card.","refund"
"Would it be possible to refund the accidental purchase without changing our billing profile? The situation is that we received account credit but require the money on the original card.","refund"
"Our request is straightforward: return the overpaid difference to our bank or card. We received account credit but require the money on the original card.","refund"
"We received account credit but require the money on the original card. What we need now is for you to confirm when the approved reimbursement will reach us.","refund"
"Please undo the charge instead of issuing account credit; we received account credit but require the money on the original card.","refund"
"A quick question from our team: can you repay the unused amount while keeping the remaining items intact? We received account credit but require the money on the original card.","refund"
"We need some help: return the money rather than applying it to a future invoice. For context, the invoice has been corrected and now shows that we overpaid.","refund"
"Reverse the incorrect payment to its original method. This matters because the invoice has been corrected and now shows that we overpaid.","refund"
"Would it be possible to reimburse the amount while leaving the valid subscription active? The situation is that the invoice has been corrected and now shows that we overpaid.","refund"
"Our request is straightforward: send back the duplicate portion of the transaction. The invoice has been corrected and now shows that we overpaid.","refund"
"The invoice has been corrected and now shows that we overpaid. What we need now is for you to process repayment for the product or service we did not receive.","refund"
"Please refund the accidental purchase without changing our billing profile; the invoice has been corrected and now shows that we overpaid.","refund"
"A quick question from our team: can you return the overpaid difference to our bank or card? The invoice has been corrected and now shows that we overpaid.","refund"
"Could you confirm when the approved reimbursement will reach us? The invoice has been corrected and now shows that we overpaid.","refund"
"The invoice has been corrected and now shows that we overpaid, so please undo the charge instead of issuing account credit.","refund"
"I am reaching out because the invoice has been corrected and now shows that we overpaid; I would like you to repay the unused amount while keeping the remaining items intact.","refund"
"Our request is straightforward: return the money rather than applying it to a future invoice. A trial unexpectedly created a paid purchase we did not authorize.","refund"
"A trial unexpectedly created a paid purchase we did not authorize. What we need now is for you to reverse the incorrect payment to its original method.","refund"
"Please reimburse the amount while leaving the valid subscription active; a trial unexpectedly created a paid purchase we did not authorize.","refund"
"A quick question from our team: can you send back the duplicate portion of the transaction? A trial unexpectedly created a paid purchase we did not authorize.","refund"
"Could you process repayment for the product or service we did not receive? A trial unexpectedly created a paid purchase we did not authorize.","refund"
"A trial unexpectedly created a paid purchase we did not authorize, so please refund the accidental purchase without changing our billing profile.","refund"
"I am reaching out because a trial unexpectedly created a paid purchase we did not authorize; I would like you to return the overpaid difference to our bank or card.","refund"
"We need some help: confirm when the approved reimbursement will reach us. For context, a trial unexpectedly created a paid purchase we did not authorize.","refund"
"Undo the charge instead of issuing account credit. This matters because a trial unexpectedly created a paid purchase we did not authorize.","refund"
"Would it be possible to repay the unused amount while keeping the remaining items intact? The situation is that a trial unexpectedly created a paid purchase we did not authorize.","refund"
"A quick question from our team: can you return the money rather than applying it to a future invoice? The main plan is still needed although the extra workspace was accidental.","refund"
"Could you reverse the incorrect payment to its original method? The main plan is still needed although the extra workspace was accidental.","refund"
"The main plan is still needed although the extra workspace was accidental, so please reimburse the amount while leaving the valid subscription active.","refund"
"I am reaching out because the main plan is still needed although the extra workspace was accidental; I would like you to send back the duplicate portion of the transaction.","refund"
"We need some help: process repayment for the product or service we did not receive. For context, the main plan is still needed although the extra workspace was accidental.","refund"
"Refund the accidental purchase without changing our billing profile. This matters because the main plan is still needed although the extra workspace was accidental.","refund"
"Would it be possible to return the overpaid difference to our bank or card? The situation is that the main plan is still needed although the extra workspace was accidental.","refund"
"Our request is straightforward: confirm when the approved reimbursement will reach us. The main plan is still needed although the extra workspace was accidental.","refund"
"The main plan is still needed although the extra workspace was accidental. What we need now is for you to undo the charge instead of issuing account credit.","refund"
"Please repay the unused amount while keeping the remaining items intact; the main plan is still needed although the extra workspace was accidental.","refund"
"I am reaching out because the bank settled two amounts for what should have been one renewal; I would like you to return the money rather than applying it to a future invoice.","refund"
"We need some help: reverse the incorrect payment to its original method. For context, the bank settled two amounts for what should have been one renewal.","refund"
"Reimburse the amount while leaving the valid subscription active. This matters because the bank settled two amounts for what should have been one renewal.","refund"
"Would it be possible to send back the duplicate portion of the transaction? The situation is that the bank settled two amounts for what should have been one renewal.","refund"
"Our request is straightforward: process repayment for the product or service we did not receive. The bank settled two amounts for what should have been one renewal.","refund"
"The bank settled two amounts for what should have been one renewal. What we need now is for you to refund the accidental purchase without changing our billing profile.","refund"
"Please return the overpaid difference to our bank or card; the bank settled two amounts for what should have been one renewal.","refund"
"A quick question from our team: can you confirm when the approved reimbursement will reach us? The bank settled two amounts for what should have been one renewal.","refund"
"Could you undo the charge instead of issuing account credit? The bank settled two amounts for what should have been one renewal.","refund"
"The bank settled two amounts for what should have been one renewal, so please repay the unused amount while keeping the remaining items intact.","refund"
"Would it be possible to return the money rather than applying it to a future invoice? The situation is that we were billed for capacity that was never delivered to our account.","refund"
"Our request is straightforward: reverse the incorrect payment to its original method. We were billed for capacity that was never delivered to our account.","refund"
"We were billed for capacity that was never delivered to our account. What we need now is for you to reimburse the amount while leaving the valid subscription active.","refund"
"Please send back the duplicate portion of the transaction; we were billed for capacity that was never delivered to our account.","refund"
"A quick question from our team: can you process repayment for the product or service we did not receive? We were billed for capacity that was never delivered to our account.","refund"
"Could you refund the accidental purchase without changing our billing profile? We were billed for capacity that was never delivered to our account.","refund"
"We were billed for capacity that was never delivered to our account, so please return the overpaid difference to our bank or card.","refund"
"I am reaching out because we were billed for capacity that was never delivered to our account; I would like you to confirm when the approved reimbursement will reach us.","refund"
"We need some help: undo the charge instead of issuing account credit. For context, we were billed for capacity that was never delivered to our account.","refund"
"Repay the unused amount while keeping the remaining items intact. This matters because we were billed for capacity that was never delivered to our account.","refund"
"Please return the money rather than applying it to a future invoice; the canceled order still appears as a completed card transaction.","refund"
"A quick question from our team: can you reverse the incorrect payment to its original method? The canceled order still appears as a completed card transaction.","refund"
"Could you reimburse the amount while leaving the valid subscription active? The canceled order still appears as a completed card transaction.","refund"
"The canceled order still appears as a completed card transaction, so please send back the duplicate portion of the transaction.","refund"
"I am reaching out because the canceled order still appears as a completed card transaction; I would like you to process repayment for the product or service we did not receive.","refund"
"We need some help: refund the accidental purchase without changing our billing profile. For context, the canceled order still appears as a completed card transaction.","refund"
"Return the overpaid difference to our bank or card. This matters because the canceled order still appears as a completed card transaction.","refund"
"Would it be possible to confirm when the approved reimbursement will reach us? The situation is that the canceled order still appears as a completed card transaction.","refund"
"Our request is straightforward: undo the charge instead of issuing account credit. The canceled order still appears as a completed card transaction.","refund"
"The canceled order still appears as a completed card transaction. What we need now is for you to repay the unused amount while keeping the remaining items intact.","refund"
"Could you schedule the subscription to end before another term begins? The account works correctly but our department no longer needs the product.","cancellation"
"The account works correctly but our department no longer needs the product, so please stop future service without deleting the data immediately.","cancellation"
"I am reaching out because the account works correctly but our department no longer needs the product; I would like you to disable renewal and confirm the final access date.","cancellation"
"We need some help: terminate the paid agreement at the next permitted point. For context, the account works correctly but our department no longer needs the product.","cancellation"
"Close the recurring plan while leaving prior invoices unchanged. This matters because the account works correctly but our department no longer needs the product.","cancellation"
"Would it be possible to remove the unnecessary subscription from future billing cycles? The situation is that the account works correctly but our department no longer needs the product.","cancellation"
"Our request is straightforward: downgrade the account when its current commitment expires. The account works correctly but our department no longer needs the product.","cancellation"
"The account works correctly but our department no longer needs the product. What we need now is for you to prevent any extension of the service beyond this term.","cancellation"
"Please discontinue paid access for the specified workspace only; the account works correctly but our department no longer needs the product.","cancellation"
"A quick question from our team: can you mark the present contract period as our last? The account works correctly but our department no longer needs the product.","cancellation"
"We need some help: schedule the subscription to end before another term begins. For context, we must preserve access until employees finish exporting company records.","cancellation"
"Stop future service without deleting the data immediately. This matters because we must preserve access until employees finish exporting company records.","cancellation"
"Would it be possible to disable renewal and confirm the final access date? The situation is that we must preserve access until employees finish exporting company records.","cancellation"
"Our request is straightforward: terminate the paid agreement at the next permitted point. We must preserve access until employees finish exporting company records.","cancellation"
"We must preserve access until employees finish exporting company records. What we need now is for you to close the recurring plan while leaving prior invoices unchanged.","cancellation"
"Please remove the unnecessary subscription from future billing cycles; we must preserve access until employees finish exporting company records.","cancellation"
"A quick question from our team: can you downgrade the account when its current commitment expires? We must preserve access until employees finish exporting company records.","cancellation"
"Could you prevent any extension of the service beyond this term? We must preserve access until employees finish exporting company records.","cancellation"
"We must preserve access until employees finish exporting company records, so please discontinue paid access for the specified workspace only.","cancellation"
"I am reaching out because we must preserve access until employees finish exporting company records; I would like you to mark the present contract period as our last.","cancellation"
"Our request is straightforward: schedule the subscription to end before another term begins. Our organization selected another vendor for the coming year.","cancellation"
"Our organization selected another vendor for the coming year. What we need now is for you to stop future service without deleting the data immediately.","cancellation"
"Please disable renewal and confirm the final access date; our organization selected another vendor for the coming year.","cancellation"
"A quick question from our team: can you terminate the paid agreement at the next permitted point? Our organization selected another vendor for the coming year.","cancellation"
"Could you close the recurring plan while leaving prior invoices unchanged? Our organization selected another vendor for the coming year.","cancellation"
"Our organization selected another vendor for the coming year, so please remove the unnecessary subscription from future billing cycles.","cancellation"
"I am reaching out because our organization selected another vendor for the coming year; I would like you to downgrade the account when its current commitment expires.","cancellation"
"We need some help: prevent any extension of the service beyond this term. For context, our organization selected another vendor for the coming year.","cancellation"
"Discontinue paid access for the specified workspace only. This matters because our organization selected another vendor for the coming year.","cancellation"
"Would it be possible to mark the present contract period as our last? The situation is that our organization selected another vendor for the coming year.","cancellation"
"A quick question from our team: can you schedule the subscription to end before another term begins? The latest payment is valid and we are not disputing past charges.","cancellation"
"Could you stop future service without deleting the data immediately? The latest payment is valid and we are not disputing past charges.","cancellation"
"The latest payment is valid and we are not disputing past charges, so please disable renewal and confirm the final access date.","cancellation"
"I am reaching out because the latest payment is valid and we are not disputing past charges; I would like you to terminate the paid agreement at the next permitted point.","cancellation"
"We need some help: close the recurring plan while leaving prior invoices unchanged. For context, the latest payment is valid and we are not disputing past charges.","cancellation"
"Remove the unnecessary subscription from future billing cycles. This matters because the latest payment is valid and we are not disputing past charges.","cancellation"
"Would it be possible to downgrade the account when its current commitment expires? The situation is that the latest payment is valid and we are not disputing past charges.","cancellation"
"Our request is straightforward: prevent any extension of the service beyond this term. The latest payment is valid and we are not disputing past charges.","cancellation"
"The latest payment is valid and we are not disputing past charges. What we need now is for you to discontinue paid access for the specified workspace only.","cancellation"
"Please mark the present contract period as our last; the latest payment is valid and we are not disputing past charges.","cancellation"
"I am reaching out because a temporary project has ended before the next subscription period; I would like you to schedule the subscription to end before another term begins.","cancellation"
"We need some help: stop future service without deleting the data immediately. For context, a temporary project has ended before the next subscription period.","cancellation"
"Disable renewal and confirm the final access date. This matters because a temporary project has ended before the next subscription period.","cancellation"
"Would it be possible to terminate the paid agreement at the next permitted point? The situation is that a temporary project has ended before the next subscription period.","cancellation"
"Our request is straightforward: close the recurring plan while leaving prior invoices unchanged. A temporary project has ended before the next subscription period.","cancellation"
"A temporary project has ended before the next subscription period. What we need now is for you to remove the unnecessary subscription from future billing cycles.","cancellation"
"Please downgrade the account when its current commitment expires; a temporary project has ended before the next subscription period.","cancellation"
"A quick question from our team: can you prevent any extension of the service beyond this term? A temporary project has ended before the next subscription period.","cancellation"
"Could you discontinue paid access for the specified workspace only? A temporary project has ended before the next subscription period.","cancellation"
"A temporary project has ended before the next subscription period, so please mark the present contract period as our last.","cancellation"
"Would it be possible to schedule the subscription to end before another term begins? The situation is that we want to retain one workspace while discontinuing another.","cancellation"
"Our request is straightforward: stop future service without deleting the data immediately. We want to retain one workspace while discontinuing another.","cancellation"
"We want to retain one workspace while discontinuing another. What we need now is for you to disable renewal and confirm the final access date.","cancellation"
"Please terminate the paid agreement at the next permitted point; we want to retain one workspace while discontinuing another.","cancellation"
"A quick question from our team: can you close the recurring plan while leaving prior invoices unchanged? We want to retain one workspace while discontinuing another.","cancellation"
"Could you remove the unnecessary subscription from future billing cycles? We want to retain one workspace while discontinuing another.","cancellation"
"We want to retain one workspace while discontinuing another, so please downgrade the account when its current commitment expires.","cancellation"
"I am reaching out because we want to retain one workspace while discontinuing another; I would like you to prevent any extension of the service beyond this term.","cancellation"
"We need some help: discontinue paid access for the specified workspace only. For context, we want to retain one workspace while discontinuing another.","cancellation"
"Mark the present contract period as our last. This matters because we want to retain one workspace while discontinuing another.","cancellation"
"Please schedule the subscription to end before another term begins; the trial was useful but management decided not to become a customer.","cancellation"
"A quick question from our team: can you stop future service without deleting the data immediately? The trial was useful but management decided not to become a customer.","cancellation"
"Could you disable renewal and confirm the final access date? The trial was useful but management decided not to become a customer.","cancellation"
"The trial was useful but management decided not to become a customer, so please terminate the paid agreement at the next permitted point.","cancellation"
"I am reaching out because the trial was useful but management decided not to become a customer; I would like you to close the recurring plan while leaving prior invoices unchanged.","cancellation"
"We need some help: remove the unnecessary subscription from future billing cycles. For context, the trial was useful but management decided not to become a customer.","cancellation"
"Downgrade the account when its current commitment expires. This matters because the trial was useful but management decided not to become a customer.","cancellation"
"Would it be possible to prevent any extension of the service beyond this term? The situation is that the trial was useful but management decided not to become a customer.","cancellation"
"Our request is straightforward: discontinue paid access for the specified workspace only. The trial was useful but management decided not to become a customer.","cancellation"
"The trial was useful but management decided not to become a customer. What we need now is for you to mark the present contract period as our last.","cancellation"
"Our contract allows departure at the end of the present term, so please schedule the subscription to end before another term begins.","cancellation"
"I am reaching out because our contract allows departure at the end of the present term; I would like you to stop future service without deleting the data immediately.","cancellation"
"We need some help: disable renewal and confirm the final access date. For context, our contract allows departure at the end of the present term.","cancellation"
"Terminate the paid agreement at the next permitted point. This matters because our contract allows departure at the end of the present term.","cancellation"
"Would it be possible to close the recurring plan while leaving prior invoices unchanged? The situation is that our contract allows departure at the end of the present term.","cancellation"
"Our request is straightforward: remove the unnecessary subscription from future billing cycles. Our contract allows departure at the end of the present term.","cancellation"
"Our contract allows departure at the end of the present term. What we need now is for you to downgrade the account when its current commitment expires.","cancellation"
"Please prevent any extension of the service beyond this term; our contract allows departure at the end of the present term.","cancellation"
"A quick question from our team: can you discontinue paid access for the specified workspace only? Our contract allows departure at the end of the present term.","cancellation"
"Could you mark the present contract period as our last? Our contract allows departure at the end of the present term.","cancellation"
"Schedule the subscription to end before another term begins. This matters because the business unit is closing and will not use future service.","cancellation"
"Would it be possible to stop future service without deleting the data immediately? The situation is that the business unit is closing and will not use future service.","cancellation"
"Our request is straightforward: disable renewal and confirm the final access date. The business unit is closing and will not use future service.","cancellation"
"The business unit is closing and will not use future service. What we need now is for you to terminate the paid agreement at the next permitted point.","cancellation"
"Please close the recurring plan while leaving prior invoices unchanged; the business unit is closing and will not use future service.","cancellation"
"A quick question from our team: can you remove the unnecessary subscription from future billing cycles? The business unit is closing and will not use future service.","cancellation"
"Could you downgrade the account when its current commitment expires? The business unit is closing and will not use future service.","cancellation"
"The business unit is closing and will not use future service, so please prevent any extension of the service beyond this term.","cancellation"
"I am reaching out because the business unit is closing and will not use future service; I would like you to discontinue paid access for the specified workspace only.","cancellation"
"We need some help: mark the present contract period as our last. For context, the business unit is closing and will not use future service.","cancellation"
"We have an unresolved support issue but still intend to leave. What we need now is for you to schedule the subscription to end before another term begins.","cancellation"
"Please stop future service without deleting the data immediately; we have an unresolved support issue but still intend to leave.","cancellation"
"A quick question from our team: can you disable renewal and confirm the final access date? We have an unresolved support issue but still intend to leave.","cancellation"
"Could you terminate the paid agreement at the next permitted point? We have an unresolved support issue but still intend to leave.","cancellation"
"We have an unresolved support issue but still intend to leave, so please close the recurring plan while leaving prior invoices unchanged.","cancellation"
"I am reaching out because we have an unresolved support issue but still intend to leave; I would like you to remove the unnecessary subscription from future billing cycles.","cancellation"
"We need some help: downgrade the account when its current commitment expires. For context, we have an unresolved support issue but still intend to leave.","cancellation"
"Prevent any extension of the service beyond this term. This matters because we have an unresolved support issue but still intend to leave.","cancellation"
"Would it be possible to discontinue paid access for the specified workspace only? The situation is that we have an unresolved support issue but still intend to leave.","cancellation"
"Our request is straightforward: mark the present contract period as our last. We have an unresolved support issue but still intend to leave.","cancellation"
"Could you schedule the subscription to end before another term begins? The company is reducing recurring tools across all departments.","cancellation"
"The company is reducing recurring tools across all departments, so please stop future service without deleting the data immediately.","cancellation"
"I am reaching out because the company is reducing recurring tools across all departments; I would like you to disable renewal and confirm the final access date.","cancellation"
"We need some help: terminate the paid agreement at the next permitted point. For context, the company is reducing recurring tools across all departments.","cancellation"
"Close the recurring plan while leaving prior invoices unchanged. This matters because the company is reducing recurring tools across all departments.","cancellation"
"Would it be possible to remove the unnecessary subscription from future billing cycles? The situation is that the company is reducing recurring tools across all departments.","cancellation"
"Our request is straightforward: downgrade the account when its current commitment expires. The company is reducing recurring tools across all departments.","cancellation"
"The company is reducing recurring tools across all departments. What we need now is for you to prevent any extension of the service beyond this term.","cancellation"
"Please discontinue paid access for the specified workspace only; the company is reducing recurring tools across all departments.","cancellation"
"A quick question from our team: can you mark the present contract period as our last? The company is reducing recurring tools across all departments.","cancellation"
"We need some help: schedule the subscription to end before another term begins. For context, a replacement card is available but should not be billed for another cycle.","cancellation"
"Stop future service without deleting the data immediately. This matters because a replacement card is available but should not be billed for another cycle.","cancellation"
"Would it be possible to disable renewal and confirm the final access date? The situation is that a replacement card is available but should not be billed for another cycle.","cancellation"
"Our request is straightforward: terminate the paid agreement at the next permitted point. A replacement card is available but should not be billed for another cycle.","cancellation"
"A replacement card is available but should not be billed for another cycle. What we need now is for you to close the recurring plan while leaving prior invoices unchanged.","cancellation"
"Please remove the unnecessary subscription from future billing cycles; a replacement card is available but should not be billed for another cycle.","cancellation"
"A quick question from our team: can you downgrade the account when its current commitment expires? A replacement card is available but should not be billed for another cycle.","cancellation"
"Could you prevent any extension of the service beyond this term? A replacement card is available but should not be billed for another cycle.","cancellation"
"A replacement card is available but should not be billed for another cycle, so please discontinue paid access for the specified workspace only.","cancellation"
"I am reaching out because a replacement card is available but should not be billed for another cycle; I would like you to mark the present contract period as our last.","cancellation"
"Our request is straightforward: schedule the subscription to end before another term begins. The add-on is no longer required although the base account should continue.","cancellation"
"The add-on is no longer required although the base account should continue. What we need now is for you to stop future service without deleting the data immediately.","cancellation"
"Please disable renewal and confirm the final access date; the add-on is no longer required although the base account should continue.","cancellation"
"A quick question from our team: can you terminate the paid agreement at the next permitted point? The add-on is no longer required although the base account should continue.","cancellation"
"Could you close the recurring plan while leaving prior invoices unchanged? The add-on is no longer required although the base account should continue.","cancellation"
"The add-on is no longer required although the base account should continue, so please remove the unnecessary subscription from future billing cycles.","cancellation"
"I am reaching out because the add-on is no longer required although the base account should continue; I would like you to downgrade the account when its current commitment expires.","cancellation"
"We need some help: prevent any extension of the service beyond this term. For context, the add-on is no longer required although the base account should continue.","cancellation"
"Discontinue paid access for the specified workspace only. This matters because the add-on is no longer required although the base account should continue.","cancellation"
"Would it be possible to mark the present contract period as our last? The situation is that the add-on is no longer required although the base account should continue.","cancellation"
"A quick question from our team: can you schedule the subscription to end before another term begins? Our subscription remains accessible through the final prepaid month.","cancellation"
"Could you stop future service without deleting the data immediately? Our subscription remains accessible through the final prepaid month.","cancellation"
"Our subscription remains accessible through the final prepaid month, so please disable renewal and confirm the final access date.","cancellation"
"I am reaching out because our subscription remains accessible through the final prepaid month; I would like you to terminate the paid agreement at the next permitted point.","cancellation"
"We need some help: close the recurring plan while leaving prior invoices unchanged. For context, our subscription remains accessible through the final prepaid month.","cancellation"
"Remove the unnecessary subscription from future billing cycles. This matters because our subscription remains accessible through the final prepaid month.","cancellation"
"Would it be possible to downgrade the account when its current commitment expires? The situation is that our subscription remains accessible through the final prepaid month.","cancellation"
"Our request is straightforward: prevent any extension of the service beyond this term. Our subscription remains accessible through the final prepaid month.","cancellation"
"Our subscription remains accessible through the final prepaid month. What we need now is for you to discontinue paid access for the specified workspace only.","cancellation"
"Please mark the present contract period as our last; our subscription remains accessible through the final prepaid month.","cancellation"
"I am reaching out because two organizations were merged and only one paid plan is now necessary; I would like you to schedule the subscription to end before another term begins.","cancellation"
"We need some help: stop future service without deleting the data immediately. For context, two organizations were merged and only one paid plan is now necessary.","cancellation"
"Disable renewal and confirm the final access date. This matters because two organizations were merged and only one paid plan is now necessary.","cancellation"
"Would it be possible to terminate the paid agreement at the next permitted point? The situation is that two organizations were merged and only one paid plan is now necessary.","cancellation"
"Our request is straightforward: close the recurring plan while leaving prior invoices unchanged. Two organizations were merged and only one paid plan is now necessary.","cancellation"
"Two organizations were merged and only one paid plan is now necessary. What we need now is for you to remove the unnecessary subscription from future billing cycles.","cancellation"
"Please downgrade the account when its current commitment expires; two organizations were merged and only one paid plan is now necessary.","cancellation"
"A quick question from our team: can you prevent any extension of the service beyond this term? Two organizations were merged and only one paid plan is now necessary.","cancellation"
"Could you discontinue paid access for the specified workspace only? Two organizations were merged and only one paid plan is now necessary.","cancellation"
"Two organizations were merged and only one paid plan is now necessary, so please mark the present contract period as our last.","cancellation"
"Would it be possible to schedule the subscription to end before another term begins? The situation is that leadership has declined the proposed renewal agreement.","cancellation"
"Our request is straightforward: stop future service without deleting the data immediately. Leadership has declined the proposed renewal agreement.","cancellation"
"Leadership has declined the proposed renewal agreement. What we need now is for you to disable renewal and confirm the final access date.","cancellation"
"Please terminate the paid agreement at the next permitted point; leadership has declined the proposed renewal agreement.","cancellation"
"A quick question from our team: can you close the recurring plan while leaving prior invoices unchanged? Leadership has declined the proposed renewal agreement.","cancellation"
"Could you remove the unnecessary subscription from future billing cycles? Leadership has declined the proposed renewal agreement.","cancellation"
"Leadership has declined the proposed renewal agreement, so please downgrade the account when its current commitment expires.","cancellation"
"I am reaching out because leadership has declined the proposed renewal agreement; I would like you to prevent any extension of the service beyond this term.","cancellation"
"We need some help: discontinue paid access for the specified workspace only. For context, leadership has declined the proposed renewal agreement.","cancellation"
"Mark the present contract period as our last. This matters because leadership has declined the proposed renewal agreement.","cancellation"
"Please schedule the subscription to end before another term begins; we need the workspace records retained after paid access finishes.","cancellation"
"A quick question from our team: can you stop future service without deleting the data immediately? We need the workspace records retained after paid access finishes.","cancellation"
"Could you disable renewal and confirm the final access date? We need the workspace records retained after paid access finishes.","cancellation"
"We need the workspace records retained after paid access finishes, so please terminate the paid agreement at the next permitted point.","cancellation"
"I am reaching out because we need the workspace records retained after paid access finishes; I would like you to close the recurring plan while leaving prior invoices unchanged.","cancellation"
"We need some help: remove the unnecessary subscription from future billing cycles. For context, we need the workspace records retained after paid access finishes.","cancellation"
"Downgrade the account when its current commitment expires. This matters because we need the workspace records retained after paid access finishes.","cancellation"
"Would it be possible to prevent any extension of the service beyond this term? The situation is that we need the workspace records retained after paid access finishes.","cancellation"
"Our request is straightforward: discontinue paid access for the specified workspace only. We need the workspace records retained after paid access finishes.","cancellation"
"We need the workspace records retained after paid access finishes. What we need now is for you to mark the present contract period as our last.","cancellation"
"We canceled a previous trial months ago; now our purchasing group wants a quote for forty permanent seats.","sales"
"The current contract is ending, and we are evaluating your enterprise plan as its replacement.","sales"
"Can your team price an expansion that adds analytics for our regional offices?","sales"
"I am not asking to change our invoice yet; I need to understand the commercial options before we buy.","sales"
"Our support issue is resolved, so we can move ahead with a proposal for the larger package.","sales"
"Would you outline licensing costs for a nonprofit with seasonal volunteers?","sales"
"We received a refund from another vendor and may use that budget to purchase your service.","sales"
"What would a three-year agreement cost if our headcount varies between sixty and ninety?","sales"
"Please connect me with someone who can discuss procurement requirements and a pilot.","sales"
"I want to compare the starter and business offerings before presenting one to leadership.","sales"
"Could we see the audit features in a demo before committing to a subscription?","sales"
"The account is currently free, but we would like terms for upgrading the whole department.","sales"
"We might cancel our existing platform and need migration pricing from your sales team.","sales"
"Our finance director asked for estimated first-year costs including onboarding.","sales"
"Is there a package suitable for an agency managing separate client workspaces?","sales"
"We need pricing, security documentation, and contract terms for a formal vendor review.","sales"
"I bought five seats personally; the company now wants to evaluate a corporate agreement.","sales"
"Can we arrange a short product walkthrough for engineers and procurement next Tuesday?","sales"
"The trial worked well and we are ready to discuss payment terms for continued use.","sales"
"Before we expand, please explain whether volume pricing applies across subsidiaries.","sales"
"I clicked cancel on the upload dialog, and now that file remains stuck in processing.","support"
"The refund page throws an error before I can submit the request.","support"
"Billing settings will not load, although the rest of the workspace works normally.","support"
"Our subscription is active, but every user is redirected to an access-denied screen.","support"
"A payment succeeded; the technical problem is that the new seats never appeared.","support"
"Please help restore a report that vanished after the latest synchronization.","support"
"The app says my account does not exist even though I can receive its emails.","support"
"Search freezes whenever I filter by a custom field.","support"
"I need troubleshooting help because exported spreadsheets contain blank rows.","support"
"Invitations arrive, but accepting one loops back to the sign-in page.","support"
"The cancellation button is unresponsive and never opens the confirmation screen.","support"
"Our invoice is fine; I cannot download it because the documents page returns an error.","support"
"A colleague accidentally removed a dashboard, and we need help recovering it.","support"
"The mobile application signs me out each time I attach a photo.","support"
"Webhooks stopped delivering even though our endpoint and plan are unchanged.","support"
"Two-factor authentication rejects every fresh code from my device.","support"
"The workspace owner can log in but cannot manage member permissions.","support"
"After changing our card, the billing screen spins forever without saving.","support"
"Notifications show as enabled but no messages reach any team member.","support"
"Could an engineer investigate why the API returns duplicate records?","support"
"We canceled an add-on correctly, but I need an explanation of the final prorated charge.","billing"
"I do not want money returned; please identify what this card transaction covers.","billing"
"The invoice lists a refunded purchase, and our accountant needs the accounting breakdown.","billing"
"Why did our payment date move when the subscription itself did not change?","billing"
"Please issue future receipts to the parent company rather than the local office.","billing"
"A canceled card is still shown as the default payment method; how can I replace it?","billing"
"We need a consolidated invoice, not a refund, for the subscriptions under both entities.","billing"
"Can you clarify the tax treatment of the credit applied to this month's statement?","billing"
"Our bank confirms payment, while the portal continues to show the invoice as overdue.","billing"
"The charge is expected, but its amount does not match the agreed seat count.","billing"
"Which day of the month will the annual renewal be collected?","billing"
"Please split future charges between two purchase-order references.","billing"
"The receipt uses our former legal name and needs a corrected billing identity.","billing"
"I accidentally canceled autopay and want to restore it before the invoice is due.","billing"
"Where can our bookkeeper download a statement of all payments and credits?","billing"
"The duplicate-looking lines are for different workspaces; please explain how they were calculated.","billing"
"Does changing plans mid-cycle create a debit now or on the next invoice?","billing"
"Our refund has arrived, but the remaining balance displayed in the account seems wrong.","billing"
"Please update the billing contact without changing access for the account owner.","billing"
"The card transaction is still pending; when does your normal collection process complete?","billing"
"We canceled the workshop, and the only thing we need now is the ticket payment returned.","refund"
"Please cancel the pending charge and put the money back rather than closing our account.","refund"
"The subscription can remain active; I only want reimbursement for the unusable add-on.","refund"
"I understand the invoice, but one duplicate payment needs to be reversed to our card.","refund"
"After downgrading, please return the prepaid amount for seats we never received.","refund"
"The billing address is correct; our request is for the overpayment to be repaid.","refund"
"Can you refund the difference between the package ordered and the cheaper one delivered?","refund"
"An unauthorized purchase was canceled by support, but the funds still have not come back.","refund"
"We are keeping the main plan and seeking a credit back for last week's accidental upgrade.","refund"
"Please reimburse the card that was charged when checkout failed.","refund"
"Our event was called off, so we would like the registration amount returned.","refund"
"I no longer need this one-time purchase and am within the stated return window.","refund"
"The renewal should continue; only the incorrectly collected tax needs to be refunded.","refund"
"Could you reverse one of the two identical transactions without altering the subscription?","refund"
"Finance approved the bill, then discovered we paid it twice and needs one payment back.","refund"
"The cancellation is complete, but the promised unused balance has not reached my bank.","refund"
"I purchased the wrong workspace add-on this morning and would like my money returned.","refund"
"Please send the deposit back now that the implementation project will not proceed.","refund"
"The service problem is fixed; I am asking for reimbursement for the period it was unavailable.","refund"
"We accept the charge for the plan but need a partial repayment for the missing licenses.","refund"
"Please cancel only the analytics add-on; there is no refund request and the main plan must stay active.","cancellation"
"I want the extra product removed from future renewals while keeping our primary subscription.","cancellation"
"The invoice has already been paid and can remain unchanged; stop the add-on at term end.","cancellation"
"Close the unused workspace plan, but do not return any previous payments.","cancellation"
"We received the refund already and now need the associated subscription terminated.","cancellation"
"Please prevent another charge by ending auto-renewal for this account.","cancellation"
"Our company is shutting one department, so its paid workspace should finish next month.","cancellation"
"The technical issue was fixed, but we have still decided not to continue the service.","cancellation"
"Remove three surplus licenses permanently rather than reimbursing the latest invoice.","cancellation"
"Our temporary research workspace can be retired once the current grant period closes.","cancellation"
"Please downgrade us to the free tier when the current paid period concludes.","cancellation"
"We are consolidating vendors and want all recurring service stopped after data export.","cancellation"
"End the trial before it converts, even though no payment has been taken.","cancellation"
"Canceling the card is not enough; please switch off renewal for the subscription itself.","cancellation"
"Our project has finished, so discontinue access for its standalone workspace.","cancellation"
"Retire the paid transcription module while leaving the core phone service running.","cancellation"
"The seasonal kiosk has closed, so its standalone license should not renew.","cancellation"
"Please mark this billing cycle as the final one and tell us when access ends.","cancellation"
"The refund question is separate; this request is to stop future service.","cancellation"
"Leadership declined renewal, so the agreement should expire without another term.","cancellation"
"We canceled a competitor contract and need prices for moving sixty people to your platform.","sales"
"A refund freed part of our budget; please quote the collaboration package rather than returning any payment.","sales"
"Before purchasing, can we discuss which subscription supports separate client accounts?","sales"
"Our existing product will be retired, and procurement wants a proposal for your replacement service.","sales"
"Please estimate the cost of adding the compliance module to a new enterprise agreement.","sales"
"We are not canceling anything today; the team is comparing renewal terms before selecting a vendor.","sales"
"Could a sales specialist demonstrate account administration and explain volume discounts?","sales"
"The trial account works well, so leadership wants commercial terms for a full rollout.","sales"
"What payment schedule is available if we purchase licenses for several subsidiaries?","sales"
"Our current plan is too small and we would like an expansion proposal, not a billing adjustment yet.","sales"
"Pressing cancel in the editor closes the whole page instead of dismissing the dialog.","support"
"The account remains paid, but the add-on does not appear after activation.","support"
"A refund request is saved correctly; the problem is that its confirmation page never loads.","support"
"The billing portal reports an error whenever our administrator opens payment settings.","support"
"We want to keep the subscription, but login redirects make the product unusable.","support"
"The cancel-renewal screen freezes before any account change is submitted.","support"
"After a card update, member permissions disappeared and need technical investigation.","support"
"The invoice downloaded successfully, although its PDF viewer crashes the mobile application.","support"
"Please troubleshoot why a completed transaction is not unlocking the purchased feature.","support"
"Search cannot find products whose records are plainly visible in the account.","support"
"The subscription was canceled last quarter; please explain this final statement rather than returning funds.","billing"
"We are keeping the product and need the card charge assigned to the correct cost center.","billing"
"A refunded transaction appears on our invoice, and finance needs to understand how the credit was posted.","billing"
"Please clarify why the canceled module remains listed with a zero balance.","billing"
"No repayment is requested; we only need a corrected receipt for the original payment.","billing"
"Can the account use a different card for future subscription charges?","billing"
"The product renewal is expected, but the tax and subtotal do not reconcile.","billing"
"Our bank reversed a failed payment automatically; when will the invoice status update?","billing"
"Please send a statement separating the main service charge from optional products.","billing"
"We may cancel later, but today I only need the next collection date confirmed.","billing"
"Cancel the order and return its payment, but leave our recurring account and all services active.","refund"
"The product subscription has already ended; please refund the unused prepaid portion.","refund"
"We want to keep this add-on, yet the duplicate charge for it must be reversed.","refund"
"Please send back the payment for the canceled training session without changing our software plan.","refund"
"I canceled the accidental purchase immediately and am waiting for the money to be returned.","refund"
"The account should remain open; refund only the product that was delivered twice.","refund"
"Our renewal can continue, but please reimburse the charge collected for an inactive seat.","refund"
"Support canceled the failed transaction, and finance now needs the amount credited to the card.","refund"
"Please reverse this payment rather than terminating any subscription or user access.","refund"
"We closed the event booking and need its fee paid back to the original account.","refund"
"Stop renewing the reporting module next term; the charge already paid can remain as it is.","cancellation"
"Please remove the transcription product from future bills without refunding the current month.","cancellation"
"We only want recurring service canceled; no payment reversal or account credit is needed.","cancellation"
"Turn off renewal for the add-on while keeping the main account and its other products active.","cancellation"
"The latest charge is valid, but this subscription should finish before another one is collected.","cancellation"
"Do not refund the purchase; simply discontinue access when the paid period expires.","cancellation"
"Finance accepts the final invoice and wants the associated service stopped going forward.","cancellation"
"Close the unused product at month end without changing prior payments or the parent account.","cancellation"
"We are retaining the core subscription but ending the optional storage package before renewal.","cancellation"
"Please mark this account's current contract as its last, even though the most recent charge is correct.","cancellation"
